old_path,old_sha256,action,new_path
apps/mobile/.env.example,302176fc90bcf4297bf0645c997db5c8ac9144f8ecefbf40ff742efbde7d28ee,removed,
apps/mobile/.maestro/authenticated-money-read.yaml,3c84a073d742434c2213b5030de254a7c2afaa059257b7a925b21d20a1fc0b6e,removed,
apps/mobile/.maestro/quiet-preview.yaml,319a7b3213db690394ca35b0ad7784b78ba551f667af030aedd99fd4558cf4e6,removed,
apps/mobile/.oxlintrc.json,a69fc70a4a0b466b01561c8b9d8131f2a2945afab373b3c81a7380c8d264b3e3,removed,
apps/mobile/app.json,af5797aad26bf875c6f51e81a13a4c8ed3b04a7d3cfc993ce494eed37d4dee01,removed,
apps/mobile/assets/README.md,b334fe52b6a5aad91fed4ae733ce52af8356f255321bb1b13ddd9fa5d34421e1,removed,
apps/mobile/assets/icon.png,8a223fa7ede7f4558abc6af2a0269c875df571270280f7138fb44cf7606be1dd,removed,
apps/mobile/eas.json,e2d77b72f598395f942b0188b5c3f59306c9733ed9be0d7b1b0d04987f6b7462,removed,
apps/mobile/package.json,32acab871505625ffaec1de76d4cf2543b64dceaf420737a31a8d3fc9c179865,removed,
apps/mobile/src/app/(tabs)/(calendar)/_layout.tsx,ab84f2d335e05518196967c4bd952f678b520afec9c04d7a18b8d365ecf1e167,removed,
apps/mobile/src/app/(tabs)/(calendar)/agenda.tsx,1435aa969abb164e04b32bc6d2d79cb253d9d7275d4946ea3d76a0d2340a933a,removed,
apps/mobile/src/app/(tabs)/(meals)/_layout.tsx,f26d3442c6650b2e510fd56c22bce8d792fb9854d765ca20a0cc21b3dc633f26,removed,
apps/mobile/src/app/(tabs)/(meals)/meal-week.tsx,e1b540cfbd70a47b1489cf8aa8d6b05803f4f5d2e07f712dc0660c97566eaef3,removed,
apps/mobile/src/app/(tabs)/(money)/_layout.tsx,f197ffc20c9565fbe60d0c2747ca5b9e7a27abf67f2b25d8500cdd64d352c77a,removed,
apps/mobile/src/app/(tabs)/(money)/finances.tsx,c76dc7fdc092b8462f345c551fa48b13760dc4b1f87bbe51616f1875d520445d,removed,
apps/mobile/src/app/(tabs)/(today)/_layout.tsx,ce18d4aef8018d66373fb3ab3bcf27d5e64a9c97623d7883173d04edb0831ebb,removed,
apps/mobile/src/app/(tabs)/(today)/household.tsx,31398241dc466d17497ec03e50b6a076dcd9478ce6e923e638791463b991b3ab,removed,
apps/mobile/src/app/(tabs)/_layout.tsx,d4d66a9542afb9ba59c4272c366423acab76f8e6f3725c5c7b69873f5873a778,removed,
apps/mobile/src/app/_layout.tsx,698bd7cd3fc4d95861d505539cb2da2976c920d4c03ec621be736610b67b8cbb,removed,
apps/mobile/src/app/assistant.tsx,f95fa7fe833099176bf0c9e8fcd327ac912412e124316c4a9e8131982b340ab1,removed,
apps/mobile/src/app/calendar-sharing.tsx,d3fe81343edb0e56382f04c217f3b6803b2c7851bdbefc42ff856882795ea666,removed,
apps/mobile/src/app/checklist.tsx,7e049c278daf9b13e6f0e40a2bea1195b31d91050f88384816acd8f503878c0a,removed,
apps/mobile/src/app/chore-reminder.tsx,daecf6aa9815e4928bf0345fb83179453890a5ae45ee1daee1ce970a8f831ad0,removed,
apps/mobile/src/app/chore-transfers.tsx,2a33b178de7e55de2967c65e1e29ffbb205a0d7505715cb44bbcd765c97cb7d4,removed,
apps/mobile/src/app/conversation.tsx,2d099a8ffc3003c11138014f9774e0795b29c176436969f3fab902c164570d33,removed,
apps/mobile/src/app/cooking-preferences.tsx,4c4dafbeb0f23468d6c37e23a9856066079748066d15ba32421f7ed37402ddee,removed,
apps/mobile/src/app/correction-approval.tsx,a9ba6634a617648851104eeba2e8a2b779fb6716b3df496e1f1077465264de7e,removed,
apps/mobile/src/app/correction-entry.tsx,88630d3832a1f590946e8a3957dc707474f272e9246fb3e6d28cdebedfe49f03,removed,
apps/mobile/src/app/daily-summary.tsx,fa96fe8173d934b2da82a1e80d2266b830c932564d4b45e620c313d390470dbf,removed,
apps/mobile/src/app/due-bills.tsx,6931b25cc7a2457c0864a74c21db456c57c7555c0fe530344e0e6ac3aa4c8f7a,removed,
apps/mobile/src/app/expense-approval.tsx,af48a646c5324bfbe5cfa12567ef6348bc7d5e6cadf09be52956c93ba3eaeea8,removed,
apps/mobile/src/app/expense-entry.tsx,4b968fb633b5b590a15b368e2a455fa2cacd599251988a0b06cf6586f2107551,removed,
apps/mobile/src/app/food-preferences.tsx,117d45d5fcf1e3a9d04e26bc0e176d48c749b6a90a445cc75f70be587b8f7f50,removed,
apps/mobile/src/app/groceries.tsx,13ae22e33153a0acd310a1e2856c29f8e0a735af4236fea1c19c5aee5cbeba18,removed,
apps/mobile/src/app/grocery-edit.tsx,4eb91b46a5ed096a4efd667841f2008af1de55c59a4f7016f4f060d423510678,removed,
apps/mobile/src/app/grocery-expense.tsx,ad44ebc0528d460d4fe59badf00bf589f00189e5938cb4b3affe3817033629d8,removed,
apps/mobile/src/app/grocery-reminder.tsx,3b71d3dd35d3ac077ecbc45b41f113dcba986eff9ff608a3b2994d1702267294,removed,
apps/mobile/src/app/index.tsx,70fd5574e3aff8d40fed9c48d186622cee04953241b4023880e8f5440134d0b1,removed,
apps/mobile/src/app/legacy-adoption-approval.tsx,716fa1d2ebbed66dfad1e766d8caa9ea4cb0e71c2ac48ba17b099bc5e25c3670,removed,
apps/mobile/src/app/legacy-adoption.tsx,35eebe4ba6a192a9ab2b8f1c502351ca4af88b2f865e3ac261c642a0339fc49c,removed,
apps/mobile/src/app/legacy-confirmation-approval.tsx,fe5d72b245c2df9e4cb7d947877f057652745dc010e1361d0f77d008903fa9f7,removed,
apps/mobile/src/app/legacy-confirmation.tsx,200425b261b04795289f37005eed56405388682c78d9a109ff53aeb34dab6105,removed,
apps/mobile/src/app/legacy-dismissal-approval.tsx,2c466b9742ac84667ef50628c54a04acf49154f425b42d4d1b104ccbd0cd085f,removed,
apps/mobile/src/app/legacy-dismissal.tsx,890d444d3ec7e0b704309d43effe0474da6f8e7353bd876276a1fb73ccefa917,removed,
apps/mobile/src/app/legacy-recurring-drafts.tsx,1417deb04c053506af7deb0d386fd7b552fe0da95b10da4f200668e9c73bdcf9,removed,
apps/mobile/src/app/legacy-recurring.tsx,715d84fdc65cb20962f926b2bfdcff0eca5e67c550c27bdbc23d748795aa8dca,removed,
apps/mobile/src/app/meal-add.tsx,8e4bec7cf75482405ac02cd6d5c52778b625699710c53a3fd6239b8e85a9fd8d,removed,
apps/mobile/src/app/meal-ingredients.tsx,768f9facaa1daa1d53e011a1b4ea8cc94cc0b43001c046499b72c4a1b48a4815,removed,
apps/mobile/src/app/meal-leftovers.tsx,a247fc7af374ebffd90fff5035d0955f44966a58efbaa66520cb1634b0a3865e,removed,
apps/mobile/src/app/meal-library.tsx,807012ae886fd0b2c621dc4f7b94c180f5d2a7d974d39dc85956823639966efb,removed,
apps/mobile/src/app/meal-move.tsx,c1190afbb5540f2df314995ba7c2c784b66dd34b4a1b2ff591aab38a403239c4,removed,
apps/mobile/src/app/meal-preparation-edit.tsx,ba8acb8e78ef672560d0f2aa6cf73af0204953853f4d863ba817e69dc0ce908b,removed,
apps/mobile/src/app/meal-preparation.tsx,d637e55ff4d3d9f84637d89b6204df2bfc0fd8b220b28a40e6065ca8211ef7e2,removed,
apps/mobile/src/app/meal-proposal.tsx,8c9063488ed93d17f48c7e00569b9f46c57113465867f30c59812d5369df334c,removed,
apps/mobile/src/app/meal-reminder.tsx,eaa56eb3d8df8a3995d0c153267912cb36479899f3f1fdedc951b48d20a93308,removed,
apps/mobile/src/app/meal-remove.tsx,28eb4cd733d3f60dbdf7490bdf0c2faf01ccd0b50c6f745c743442adfb131016,removed,
apps/mobile/src/app/meal-replace.tsx,5af1793ac780d3678525eb0cf797942e05331f0d4ed99607510d1ed4d35e0754,removed,
apps/mobile/src/app/memory.tsx,e5b73140ca431114234beef991763770bf52b1bebc97f6a49181ec9594e0ad29,removed,
apps/mobile/src/app/money-event.tsx,6e52dc6e7fd32fee3724852ac532dc4a75dbb250395a49626ce1fa62012cb939,removed,
apps/mobile/src/app/notification-preferences.tsx,323dd0416158e18fe58e1739c365031a635d2eeb138161a9a146fe0cfb6aaafd,removed,
apps/mobile/src/app/planned-recipe.tsx,e8ea23d366074c3adb3f9834d7133de79211997f978d2a3bddb14020c9f0a1e7,removed,
apps/mobile/src/app/preview-settings.tsx,11dbf4b97dbb91505365b02d7c73e58667057b0dafc7244d814598a3f19362b8,removed,
apps/mobile/src/app/receipt-uploads.tsx,e434c09ca60bac7e8f8d403bc725213d902baf8c8a2f44efc3fd100c010bf715,removed,
apps/mobile/src/app/receipt.tsx,4ec063a4bf5886c778d1955f3a446bfd3727686eebeaa5557debf358682179bb,removed,
apps/mobile/src/app/recipe-archive.tsx,a489697c3e97806d2aa8dbb283a7f915bbeb9c80bc4eccf3506705252777b8f8,removed,
apps/mobile/src/app/recipe-create.tsx,b8dc794e0ae3de9386b8601c13665b91fe5fcc8f2b7bfd40e4b5de3396efbbf2,removed,
apps/mobile/src/app/recipe-edit.tsx,8b62dd44c9e0544da8f37b0cfd6b604ef69e122f5184ecfc0c44203f1b07b56a,removed,
apps/mobile/src/app/recipe-select.tsx,c111ee8884933b4899ff9db225670539aa4eaaaf9d0bd53506390a7d5983cf00,removed,
apps/mobile/src/app/recurring-approval.tsx,50eaac98d9a662d5e3032262f69b9c2f089263e9e0c8e8d12994eb391335b391,removed,
apps/mobile/src/app/recurring-entry.tsx,5bc5c3170ce1db1c349de2542cb176a3ed21407b21d48da603c709f6a6f1f407,removed,
apps/mobile/src/app/recurring-history.tsx,066f0a6d2810ccbcba75f63e86b5959f6afa2db95c797c829af65ee707d93afa,removed,
apps/mobile/src/app/recurring-manual-approval.tsx,1e196be7a16cbab16165e2dc9f6e89afacf718f1499757f8cee5e0573b1595db,removed,
apps/mobile/src/app/recurring-manual.tsx,45b667eb20f2422ba1e58fa1098097dfe29816e1f38cdaf0cc46fcbb3a19e496,removed,
apps/mobile/src/app/recurring-reminder.tsx,d98e032d8d3b19dc23a1fd98955504ff03486d3875617d70af2c33ee804e0bc2,removed,
apps/mobile/src/app/recurring-resume-approval.tsx,2a3b82d4fa76ea4add28a1964eb583ee697ac9ce0de5ef11444e6971a50725b5,removed,
apps/mobile/src/app/recurring-rule.tsx,085bb7397338b3260569d5eeae6641ee1031290e54f27ab09b03f9d717832e5f,removed,
apps/mobile/src/app/recurring-rules.tsx,5e41baba1e0d454a4c18f62e9df7c3f01eae183406978eb805cfc9789ec62f67,removed,
apps/mobile/src/app/recurring-state-approval.tsx,164c5846eda1f13baf076161104b548fa63952b1c86b6cb3cb0582a4fc6fd03c,removed,
apps/mobile/src/app/recurring-state.tsx,5f05ceb3aef2ab0e597d411198c5764f663330749c934ab5e12c37570d42e036,removed,
apps/mobile/src/app/recurring-variable-approval.tsx,5c22f3973eb951fc93b1271a4fcdca61401ea3cc1139f1a3e669c4096112cc42,removed,
apps/mobile/src/app/recurring-variable.tsx,80efc97da553fe31df2680a2207abe01adeaba3f13d389072c48b0e378e1ea3c,removed,
apps/mobile/src/app/refund-approval.tsx,ce310d5210d7c64963a2527516a3ad4c68f8aaf389f5db1c59621e633d18ae77,removed,
apps/mobile/src/app/refund-entry.tsx,ace2ed2b0b21aca9340c18b0e9bcbf6f91b13d9addff0b31ec8cd2f7fe61740e,removed,
apps/mobile/src/app/renewal-editor.tsx,27be093f2fffae33ff641213e1b7898919fed95bc39f20453c11aa5665c1734a,removed,
apps/mobile/src/app/renewal-reminder.tsx,29b2ef7db00a23acb296c4b13b0960d843ebe4337b9021beb5a09ebd86e5d112,removed,
apps/mobile/src/app/renewal.tsx,1787af75d4175a5f4920ebf62508d623cbd34b526b8eff77974ddac94b3278a2,removed,
apps/mobile/src/app/renewals.tsx,bf58d06323ae13213a1c28a178a7cd941194232d0251f7d24730232c05c04ad2,removed,
apps/mobile/src/app/routines.tsx,e9e4d0d2a82d09f9f76a88ae46c6d45d7e377e3423f7773b83577d37ffc0a449,removed,
apps/mobile/src/app/saved-meal.tsx,520857b5efceaa96115ce24eeb860286f7b1246afaedbc8df8bb94d49ef996f3,removed,
apps/mobile/src/app/settings.tsx,bb8c51947bf2f7069c2d670104072a2d7d7446522faf2e97287845d1450ff5b5,removed,
apps/mobile/src/app/settlement-approval.tsx,334e07032a54d3043986ae8fffee30ee634562b1e5481fea6ee9e105b3ac3437,removed,
apps/mobile/src/app/settlement-entry.tsx,8bb1719fd3e947ba211c6c5672dc2ab7aa7b2a4541efd91393d47ee65b29063a,removed,
apps/mobile/src/app/setup.tsx,723b917d5d302f461afbbc1150a78356a81085926934886112eddbe4971e0bc6,removed,
apps/mobile/src/assistant/README.md,a6e44be11f7dcf2034380e9aad928f628c56cbf6bc30a86141a2ae5ca0793204,removed,
apps/mobile/src/assistant/action-record-link.ts,1bc9eb28b7773cbda2abf7ab989f621dfeb2e193c6c4abebddfab167b02f1c10,protocol-fixture,packages/protocol-fixtures/src/assistant/action-record-link.ts
apps/mobile/src/assistant/action-result.ts,71f34a5080c1cd133da2a7f6c07ceeea8e3fd4273cefefa71773bd353fd5492b,protocol-fixture,packages/protocol-fixtures/src/assistant/action-result.ts
apps/mobile/src/assistant/agenda-handoff.ts,b0ed79c99a13deef482b7cbe0afbfc3c1a7cad8ca46c8b99c9b48fa0fadbc096,protocol-fixture,packages/protocol-fixtures/src/assistant/agenda-handoff.ts
apps/mobile/src/assistant/client.ts,6a930969082eb8dc9a197d719ae1e249e5f944a90094e487422ac199a7ba6db3,protocol-fixture,packages/protocol-fixtures/src/assistant/client.ts
apps/mobile/src/assistant/conversation.ts,3a90572db4215bf090b158c54facc0621d86fb95d815db6f89acb9e8424c58b1,protocol-fixture,packages/protocol-fixtures/src/assistant/conversation.ts
apps/mobile/src/assistant/ingredient-handoff.ts,c5c1c5fe2db0fe03d1c94f377a49d1b16304afe4bd75f4efe094d5068b5f24b6,protocol-fixture,packages/protocol-fixtures/src/assistant/ingredient-handoff.ts
apps/mobile/src/assistant/list.ts,6d2acf54a23dd5cf35b5aec25b974135013ddfaa5dd7c6b489ac8a11d8a6a835,removed,
apps/mobile/src/assistant/owner.ts,f3d2540ba5cef262fdca98c87c1834d599658ac79b0221d7504502fdc95fc73a,protocol-fixture,packages/protocol-fixtures/src/assistant/owner.ts
apps/mobile/src/assistant/pending-approval-handoff.ts,0d9ccd93c0d6e36928fb9cd3e91dc005289322e5a7d19f41f4be07ef38940725,protocol-fixture,packages/protocol-fixtures/src/assistant/pending-approval-handoff.ts
apps/mobile/src/assistant/proposal-handoff.ts,ee632ffccb364911488465f08a0b53c60eb06e43ada4876495121de1c66eeeb7,protocol-fixture,packages/protocol-fixtures/src/assistant/proposal-handoff.ts
apps/mobile/src/assistant/receipt-handoff.ts,a488578351f8ad75b071ead5da6077af59d1fa5fbfe46f3fa9cd3dd484f3e898,protocol-fixture,packages/protocol-fixtures/src/assistant/receipt-handoff.ts
apps/mobile/src/assistant/reconcile.ts,51f2d99547b9e98453885e248fc6f5a75c955cd104587c4b7cd28f43f9a415f3,protocol-fixture,packages/protocol-fixtures/src/assistant/reconcile.ts
apps/mobile/src/assistant/request.ts,763dcc0c26b4aa2b5a41311323b05d27e108f68d7803963553335e3664352588,protocol-fixture,packages/protocol-fixtures/src/assistant/request.ts
apps/mobile/src/assistant/setup-handoffs.ts,e66fde523607fbd149fb7ba279cde6efdbdd6d1eae2176f38dce65e6f739eb56,protocol-fixture,packages/protocol-fixtures/src/assistant/setup-handoffs.ts
apps/mobile/src/assistant/summary-handoff.ts,c4c41e0b272ba8c91a7ad4661e991773714b80c058a28626ee27aa597c4cd4b3,protocol-fixture,packages/protocol-fixtures/src/assistant/summary-handoff.ts
apps/mobile/src/assistant/use-conversations.ts,855c279983b12d02c0f2382d52ee875875bb744cd7b8d191f3a24b69da84708e,removed,
apps/mobile/src/calendar/README.md,d280e4989b3c9d3aa964deea13187497795bdfebb7fe8362866110375dd79627,removed,
apps/mobile/src/calendar/agenda-calendar-picker.tsx,503dc1e68a236a7ddf89f1017b7209fb614c9213a31426966ea772d2d881544c,removed,
apps/mobile/src/calendar/agenda-content.tsx,aef4a9c3c45a8bcbca9f690e7ad0e5fcc7e40fd72715561bc55f56ccdcfb7f37,removed,
apps/mobile/src/calendar/agenda-controls.tsx,93ba871bc40855163780846a496128ddbc689d8bf9266f0773876f9ce52df477,removed,
apps/mobile/src/calendar/agenda-date.ios.tsx,77077f55c5c6f5a4d7166e75577c985ddff86049ec4b0c94bf780524b4375360,removed,
apps/mobile/src/calendar/agenda-date.tsx,7e71f2a2d06c282fa19df157f45a95aa153a135613eebc53845c7b526dfec50f,removed,
apps/mobile/src/calendar/agenda-day.ts,dc74eb3457f17517d67890a6797b87bb2e017ca107bb17cb6161bf236006c152,protocol-fixture,packages/protocol-fixtures/src/calendar/agenda-day.ts
apps/mobile/src/calendar/agenda-layers.tsx,0988bd6eab1a753e264898b04e23835701f04649a9a7be8fd99973e35bfb3ff9,removed,
apps/mobile/src/calendar/agenda-operations.ts,087503a052e1f3b7baf62bc6de5c7cab6de48a7f6fe48da7a89e681d04c5ee0a,protocol-fixture,packages/protocol-fixtures/src/calendar/agenda-operations.ts
apps/mobile/src/calendar/agenda-owner.ts,a19d110b7070e34128368e4da38a9f076fd9de69bde3d6ea89f81bb8978d4d6c,protocol-fixture,packages/protocol-fixtures/src/calendar/agenda-owner.ts
apps/mobile/src/calendar/agenda-reader.ts,80b4625cd822a580254e5e3373cce2000737b40ae1060f2726684f07bca7bfa8,protocol-fixture,packages/protocol-fixtures/src/calendar/agenda-reader.ts
apps/mobile/src/calendar/agenda-rows.ts,89df31a433a0640e1b7f567746d0d858bc9f2db9d4d2f310cf75f4bbe7569922,protocol-fixture,packages/protocol-fixtures/src/calendar/agenda-rows.ts
apps/mobile/src/calendar/agenda-runtime.ts,3fba58b34af275dae7f443c961b18cee44f1354e40cdf008e4827a1148ba2ef0,protocol-fixture,packages/protocol-fixtures/src/calendar/agenda-runtime.ts
apps/mobile/src/calendar/agenda-selection.ts,ff5cb05f05afa2d06c9eec85c3c115578a4246d36eec67c54a700cf0e449ec63,protocol-fixture,packages/protocol-fixtures/src/calendar/agenda-selection.ts
apps/mobile/src/calendar/agenda-when.ts,f6255d1081b773732343959e287c6155dee2d6bd77191c7f3508c22c8af33b18,protocol-fixture,packages/protocol-fixtures/src/calendar/agenda-when.ts
apps/mobile/src/calendar/agenda.ts,c80f4d59741b27a1bae8dad0c5dadb22c3b4c3edc948207dd1737a0a6d72b7d1,protocol-fixture,packages/protocol-fixtures/src/calendar/agenda.ts
apps/mobile/src/calendar/availability.ts,911551efd5369df500a1c78f4a70018a0c6e98e35f0489f1b9466b1fd8ea296b,protocol-fixture,packages/protocol-fixtures/src/calendar/availability.ts
apps/mobile/src/calendar/chore-content.tsx,8ed66d32c071185123afaf8d7fdfb9d220d784f1af3d014bbffe09d69ce25c84,removed,
apps/mobile/src/calendar/chore-operations.ts,00ad9c9dcd9da847b38a5065fe862c13862c05f5c279170cb2652f61717f2547,protocol-fixture,packages/protocol-fixtures/src/calendar/chore-operations.ts
apps/mobile/src/calendar/chore-owner.ts,36836f0acc9c31c1419419b78f61be745f1b374aab3092d1a9f98352f57410af,protocol-fixture,packages/protocol-fixtures/src/calendar/chore-owner.ts
apps/mobile/src/calendar/chore-runtime.ts,829d26c9eff647f4d6f38479ad7046b7a90e7cdab6c408f6b3a6c94e2a6cb9da,protocol-fixture,packages/protocol-fixtures/src/calendar/chore-runtime.ts
apps/mobile/src/calendar/chore-warning.ts,b10ca856ebf4b400ca0a7390cf5d711d0ca2a89c26e34ae9d6f4c6d11bbf227d,protocol-fixture,packages/protocol-fixtures/src/calendar/chore-warning.ts
apps/mobile/src/calendar/client.ts,a077b2069207ea9a913639e66cdcecf0602ec2abcc42c1de82fee17886162f17,protocol-fixture,packages/protocol-fixtures/src/calendar/client.ts
apps/mobile/src/calendar/confirm-day-warning.ts,a3e7ed5065d281a3e2aea12d83cd0a57d51d0988609479d42e88b9b8e178b1d5,removed,
apps/mobile/src/calendar/day-check-scope.ts,59c90b480e31382fa7003091202ee2e7938d2ea2a30e9c99979a055adc88f103,protocol-fixture,packages/protocol-fixtures/src/calendar/day-check-scope.ts
apps/mobile/src/calendar/device-projection.ts,70297ca37a08738695ef05cb316c6583c98e2501dbac3808a2b430eb8898256f,protocol-fixture,packages/protocol-fixtures/src/calendar/device-projection.ts
apps/mobile/src/calendar/expo-agenda.ts,066860dc9d0c921e7dd8bb4a767d28a2a585290b33d14b37be44da41a4893e46,removed,
apps/mobile/src/calendar/expo-calendar.ts,28a06283f6dcbcafae02ee54c2cfb440e5d452c900c4eda3b979cb6a488dc44e,removed,
apps/mobile/src/calendar/operations.ts,0955fe543a65236fd6821cd255f85129f5327de61c299db64fd3bda451b8cd3a,protocol-fixture,packages/protocol-fixtures/src/calendar/operations.ts
apps/mobile/src/calendar/owner.ts,31ff1b7bdd2fff7367732176e04ea88782676039edc451b9ffe2738f4bb37a67,protocol-fixture,packages/protocol-fixtures/src/calendar/owner.ts
apps/mobile/src/calendar/partner-agenda.ts,efb27fdc1aa3a9b4f6f35400b2fef40846e3655e965a71e6ca6d0446c3701726,protocol-fixture,packages/protocol-fixtures/src/calendar/partner-agenda.ts
apps/mobile/src/calendar/partner-content.tsx,41e28e13ec669f1a1ec9beeb5fa0845e0b84ba0ba7dea5c6204d7b63f2a7f767,removed,
apps/mobile/src/calendar/partner-operations.ts,3147109af57c557d50dbc338a39b5cafa07fc789c7b8325577ea3878a67f1cd0,protocol-fixture,packages/protocol-fixtures/src/calendar/partner-operations.ts
apps/mobile/src/calendar/partner-owner.ts,7b1a5535fd4be1921553dd322cad881f967b129bf3dd31d61300b9d38399641f,removed,
apps/mobile/src/calendar/partner-runtime.ts,0a1af99a9f5a275fb1f320cf44bb3466125838ededdd3f3034a06cb7b252a6bd,protocol-fixture,packages/protocol-fixtures/src/calendar/partner-runtime.ts
apps/mobile/src/calendar/provider.tsx,11421128ea95a61444a79f62dfc6e33c87d535b8630b0c6c217ea889a82c7aec,removed,
apps/mobile/src/calendar/refresh.ts,75960039adc718494c38a1b5f99841f4549cb1cd66b9a906096c111919f901b7,protocol-fixture,packages/protocol-fixtures/src/calendar/refresh.ts
apps/mobile/src/calendar/renewal-client.ts,9e39b9bf167f49ad9cd111239afae2a6480bbfb5f4d55591fc68c491b9a9db18,protocol-fixture,packages/protocol-fixtures/src/calendar/renewal-client.ts
apps/mobile/src/calendar/renewal-content.tsx,d26f2e4afa2af96c40d8a5880ce166d61cc906460823f24e52d5fad49eda6072,removed,
apps/mobile/src/calendar/renewal-operations.ts,5f15746f8716f1ba67b66b8cb9f391f2e28ceb29590111e7b3aedc3949c277aa,protocol-fixture,packages/protocol-fixtures/src/calendar/renewal-operations.ts
apps/mobile/src/calendar/renewal-owner.ts,bd0136ddfe52ead1bfbfebc7a8332f5dc996bce403c36ac99af69d42e0fbeb93,removed,
apps/mobile/src/calendar/renewal-runtime.ts,eb6be71ea45317351fb607e4145a940899987b928d93163d83c5c6e65e138c56,protocol-fixture,packages/protocol-fixtures/src/calendar/renewal-runtime.ts
apps/mobile/src/calendar/route-date.ts,f6e2afc7ababcae4d8bce86cf8742630a96934ba9e2c8f89b9fdca64983d057a,protocol-fixture,packages/protocol-fixtures/src/calendar/route-date.ts
apps/mobile/src/calendar/runtime.ts,be93adde3d263ca168b66c28a4b93057c61d17859e3068a241e45d9b89ce2f20,protocol-fixture,packages/protocol-fixtures/src/calendar/runtime.ts
apps/mobile/src/calendar/selection.ts,d958e8df7ff790ccb8f66d5c10560979732fe9100d74bd6c52c76a3ae6bada1f,protocol-fixture,packages/protocol-fixtures/src/calendar/selection.ts
apps/mobile/src/calendar/service.ts,140ffed36a4fbf176dcd629ebd3969de8ccd4e8f4cc0bc24c54a8c97a62c42b8,protocol-fixture,packages/protocol-fixtures/src/calendar/service.ts
apps/mobile/src/calendar/use-agenda-activity.ts,5a4cac4d2035311bdbeaca251dcbeb6ec45f16c9a507b804fad94ca9d9eb51a5,removed,
apps/mobile/src/calendar/use-date-check.ts,fa4a1c8245094ac1754d31f3b50d1c1c197d94784ddebe5cf4357cf5ca11f36e,removed,
apps/mobile/src/calendar/warning-decision.ts,f57359b7cb585f0860e7baf14578931af40dc6ffb3766f0a6bc4695f9bbd29d6,protocol-fixture,packages/protocol-fixtures/src/calendar/warning-decision.ts
apps/mobile/src/chore-reminders/client.ts,ea5985cb5a84ef28d1ed5f55a2dc9b25de2ff0cf2c4e3d7169a3bcabfc536daa,protocol-fixture,packages/protocol-fixtures/src/chore-reminders/client.ts
apps/mobile/src/chore-reminders/confirmation.ts,1ec8aa1595b36bef1d9c1e010b42a6a77681f0fc6dafa74ad84b1143b131033b,protocol-fixture,packages/protocol-fixtures/src/chore-reminders/confirmation.ts
apps/mobile/src/chore-reminders/editor-access.ts,1ee337f3f6aa54d46f41b86b80ec37ecc2e22bc5b225081c8aa541184994e160,protocol-fixture,packages/protocol-fixtures/src/chore-reminders/editor-access.ts
apps/mobile/src/chore-reminders/editor-body.tsx,d38797691f61c3065e4151b95a2f211b6f558c06574ef3d27644fd3964d31715,removed,
apps/mobile/src/chore-reminders/editor-context.ts,97166325d56464a35f31a90f862e85fe2200a2a48ef7210002d53eacbb0e9827,protocol-fixture,packages/protocol-fixtures/src/chore-reminders/editor-context.ts
apps/mobile/src/chore-reminders/editor-form.tsx,97345bda74e4cd89eb9956a5f7b2057ca485c04f08d081849246c6b1ba0c3a50,removed,
apps/mobile/src/chore-reminders/editor-gate.tsx,876746c55fdc683fb5e47002570d2c6e0cf67e53c5b595e63c92caf4420ba796,removed,
apps/mobile/src/chore-reminders/fields.tsx,994688e6ae0ffae027e467e6cc24825301079009971bbadca37e2227620cd39c,removed,
apps/mobile/src/chore-reminders/form.ts,f092d7f596b9630cad1ce936fb6a47165c5837300ea5defe6ff39aed73f8864f,protocol-fixture,packages/protocol-fixtures/src/chore-reminders/form.ts
apps/mobile/src/chore-reminders/recovery-entry.tsx,0d94a1bb23f00a6d81e697e3a0ffeb8ed910036e7c8872fcc02f77da857915f7,removed,
apps/mobile/src/chore-reminders/recovery-review.ts,def7056a69902d1879c34f0a9c4a1f91a3d4b2a1b8e82bc256b13e6a60910e7e,protocol-fixture,packages/protocol-fixtures/src/chore-reminders/recovery-review.ts
apps/mobile/src/chore-reminders/recovery.tsx,e86151155b32719efad0b36052371a39dee146abbdd5dca127a3038f59f14545,removed,
apps/mobile/src/chore-reminders/save-attempt.ts,365756eeb43c779d463de9657420abacc4d8c5d90f5fb7a49e160222a54f92eb,protocol-fixture,packages/protocol-fixtures/src/chore-reminders/save-attempt.ts
apps/mobile/src/chore-reminders/save-operations.ts,f8e710499f86cd61b26f190da4c7ebcd0e6098b8d3a50346cf76780b46964b9c,protocol-fixture,packages/protocol-fixtures/src/chore-reminders/save-operations.ts
apps/mobile/src/chore-reminders/save-owner.ts,d94682d12b95ad852ca970b1f68344ed7f35bd096c05726075bee7bf63973336,removed,
apps/mobile/src/chore-reminders/save-runtime.ts,acc0232366f0f58f1176280fb0f09aac483aac438ff126697ee9b796d0ee6c09,protocol-fixture,packages/protocol-fixtures/src/chore-reminders/save-runtime.ts
apps/mobile/src/chore-reminders/use-editor-context.ts,f442cef6b84b8afc4705e9d529cbbf311d7714a51f6d8fca0d2db9fdbaf08c1f,removed,
apps/mobile/src/chore-reminders/use-fields.ts,44a1683b6aa71f6050538b62a6bb61d49b48cd3ea10729556145d8833914a75d,removed,
apps/mobile/src/chore-reminders/use-leave-editor.ts,c658b84ee8a1034e80c842d26992d2da30f97a41e277b43fa8855f7b6e4f5992,removed,
apps/mobile/src/chores/README.md,11dba70ce1688069a6724bd142e486640d2556c64176f114ddde468a2660d70a,removed,
apps/mobile/src/chores/change-client.ts,d81b4c092c707af4eb51e1eca32f4a8362673cea638508c18e6e43b9f31730c7,protocol-fixture,packages/protocol-fixtures/src/chores/change-client.ts
apps/mobile/src/chores/change-form.tsx,b07e97566ece1dd74238514b0e8691127419ee245b7244e12c885b0da62b9ce9,removed,
apps/mobile/src/chores/change-runtime.ts,f29468b237dfaca752b0af34e412ba60c417596307a3a98c892f105456f0fdd5,protocol-fixture,packages/protocol-fixtures/src/chores/change-runtime.ts
apps/mobile/src/chores/client.ts,f4a460fd3180c47a223a24b4816d0c6eb40e0c62a902ac102bb0e47438c915ee,protocol-fixture,packages/protocol-fixtures/src/chores/client.ts
apps/mobile/src/chores/controller.ts,3a8959b09136f8789f9cfbc9186897916eb6d6e18b41a8af20faab7730382c19,protocol-fixture,packages/protocol-fixtures/src/chores/controller.ts
apps/mobile/src/chores/flow.ts,26c051ac5127bcc3dae98c4d2764604b5b95cd73da0f3c15d07ac61a8835402c,protocol-fixture,packages/protocol-fixtures/src/chores/flow.ts
apps/mobile/src/chores/menu-types.ts,10354a04f6bf8cef66d3b771026415c81412780c42aa2a2f11eb616a2612fbfc,removed,
apps/mobile/src/chores/menu.ios.tsx,05bb1505ad46c23b6a83c884298c9ac2837bd14020d6996bbadccc239f86c72d,removed,
apps/mobile/src/chores/menu.tsx,c46525546e67833c5d0154bcf8f0c524a23b7d2653c49166ddede4f7842a30ee,removed,
apps/mobile/src/chores/online-attempt.ts,bb6a3c723525963e44612ae3a7f340f4ee3d27612bf9a8dbc1295e0c850a0131,protocol-fixture,packages/protocol-fixtures/src/chores/online-attempt.ts
apps/mobile/src/chores/runtime.ts,1c8e35cc8d3eeeb5a949f1338538c67640438917ff9738861a7515357b166760,protocol-fixture,packages/protocol-fixtures/src/chores/runtime.ts
apps/mobile/src/chores/transfer-client.ts,9cdc71cc9315ee3db8f0db94cd801826eaef0897760fce8c63e4c95f7a849be2,protocol-fixture,packages/protocol-fixtures/src/chores/transfer-client.ts
apps/mobile/src/chores/transfer-form.tsx,6c9a226e5c09ddeb3fcc3d7db89d766e7290a08197d000ef5987b583999a9484,removed,
apps/mobile/src/chores/transfer-state.ts,f633842513597468b2694cab650b242e35650cb8dfdd172d3ff6c3d7ce699498,protocol-fixture,packages/protocol-fixtures/src/chores/transfer-state.ts
apps/mobile/src/chores/use-calendar-check.ts,a8d2bd6698dd91c4db92837685d08431b8d0d0efb66ec4d1f1d4f6ae65c91a8d,removed,
apps/mobile/src/chores/use-change-navigation.ts,d65273eed2a0701f3db25f75961dfcb79ddb480db821223f4a84cca46d8163b5,removed,
apps/mobile/src/chores/use-chores.ts,6c5328e87a18295bc9ad85f579a22d2370527438149fabcff1c2929528c0de21,removed,
apps/mobile/src/chores/use-editor.tsx,ab4e2fb75d760f74ade3e331988c893804ea30eb42d4ed0f3f07dad887f85a6b,removed,
apps/mobile/src/components/account-recovery.tsx,6d9fb645a90413f4f60a116f9272d543a9e03e0eb81e8c02e6807f4a4c566d95,removed,
apps/mobile/src/components/action-menu-types.ts,e8a7cd5f3b46eb8b0e4edce768d52ad938be7fb020f7a37ce4e0d508bcb7e0c0,removed,
apps/mobile/src/components/action-menu.ios.tsx,98259f4d5737c813f78703c92696465c7e3c7692a9b655374e05ac439ff993cf,removed,
apps/mobile/src/components/action-menu.tsx,416628098b1e5b4bf0082bfcee12c383db66f5e61f7a1e7bf0262e9602c6e61e,removed,
apps/mobile/src/components/assistant-composer.tsx,984eba76b907a56fdbaf45801def8c9440c4645cd9e6e5a76ffd4b9959c5369c,removed,
apps/mobile/src/components/assistant-message.tsx,af31dfd8b467e345acb4228d7ee7f33938be82a6bc5f36b9bbe316eaa5e2ce0f,removed,
apps/mobile/src/components/calendar-sharing-content.tsx,7372b18d79a93ed78638799401a80928fed2bdcd705ff23db88157bf59bcc083,removed,
apps/mobile/src/components/calendar-sharing-header.tsx,29e6933c38284de358852373a6ce749bfc3f526291eb7b984b84a8c08b1c2464,removed,
apps/mobile/src/components/check-row.tsx,82734e3e69060f5ad46cda94e8e29a78666410d54610ff5b439e9469ec5decf5,removed,
apps/mobile/src/components/chore-content.tsx,d7965083ba79b946b1adb18e2d4e18f2be17e0d717cebf38852755d928eab00f,removed,
apps/mobile/src/components/chore-row.tsx,97a57e169d99806514e45214cf2835f9558a9fd839f525a867289f015f02f65e,removed,
apps/mobile/src/components/cooking-fields.tsx,7d3d24f41e9d5c4b1fffaeb78f6fb542fe3c6e6afa585951cf410e77c4dd84c4,removed,
apps/mobile/src/components/food-fields.tsx,2eb9d229f9ed2807006cbe071b9640f0d79543d2838dae01cf80d1b395102d01,removed,
apps/mobile/src/components/grocery-content.tsx,01a6a2f70f7425dfa72a4c231aee5e7b11ca1f55911a75885d932d2964a0e9ab,removed,
apps/mobile/src/components/grocery-fields.tsx,7be2198fc76f27477c4cb6b2ac9dc487335e64d16bb394de9430af3d3d3d685a,removed,
apps/mobile/src/components/grocery-quick-add.tsx,e1a33c810f25853eedd4e518ba7f91e4c1ad5b20a46728a3d1a55e1c42f7669d,removed,
apps/mobile/src/components/grocery-retry.tsx,69ed28dac8e8553bce615e199abbf4e9cfd59efaa6d0b7c92ac98f09761294b4,removed,
apps/mobile/src/components/memory-approval.tsx,2e2aed151df2ae2f39d6b5a3a9040ae53a0b370342a08e8adfabb156e80e89cb,removed,
apps/mobile/src/components/memory-content.tsx,ad1e21f1d5c73a73a8843938271c325a92365a6a918e5ee23e63a27e36bcf12d,removed,
apps/mobile/src/components/memory-editor.tsx,15d01cc1589800c7d823b33cd4b18a9915639c46842a0b6335c687791556200d,removed,
apps/mobile/src/components/native-action.tsx,b9c1c80c8c1bac130b3bc4f8f26d4ff75f7c45ec65fe6fa6d375a15d839df6f8,removed,
apps/mobile/src/components/navigation-row.tsx,a6f5180b5c076d0ca9f7a7fd9ab04e47463796e946db10ae92f862017c25c01e,removed,
apps/mobile/src/components/notification-fields.tsx,0df44b0b41e16ec53abe9ea2c3a6ffee126561443b04648b098ed5e8d930037a,removed,
apps/mobile/src/components/page.tsx,b346c13b81f683237d6fc046988ca558ffdbca365897d9fe9e43212a2cb517d1,removed,
apps/mobile/src/components/preference-panel.tsx,a280bb0c2d5d8e357541e5136d9941682b6bc889d3e2f6eeb7743daaa6fc0669,removed,
apps/mobile/src/components/push-enrollment.tsx,72e3da6a122c41eeb659c91dea922dcc978d22204ce0dbc32c2d4676e1876060,removed,
apps/mobile/src/components/quiet-action.tsx,10c443d551aefa51b2b764044f3f49b0139b59fcced97b25aac504bc36ad6fae,removed,
apps/mobile/src/components/reminder-notification-setup.tsx,53449c773a325f094bcae4af7692f4f9e7f5df49a2e340ea4a9e7261408e771a,removed,
apps/mobile/src/components/setup-choices.tsx,ff1789eb0bd3f0d1586173ba9a7cc79949f748069ba01e92d0e15589a52549c4,removed,
apps/mobile/src/components/sign-in-card.tsx,0cb58afb8cc7c9f681db3962fae91188ce9d29a87b529c7b57f07f8f9c0184f6,removed,
apps/mobile/src/components/tab-stack.tsx,04e250e84bc794d25752b5a5486761a6c940824db5a1fd82a4abd6f6eda8395d,removed,
apps/mobile/src/cooking/client.ts,b1aad010d2a04c2c42dfe440fc1df2d2d51bfb1732ea0b6a4e0f9416a726ee36,protocol-fixture,packages/protocol-fixtures/src/cooking/client.ts
apps/mobile/src/cooking/owner.ts,6936708546d6d900b6341c0cec13dbb3afe463e9409226ad111cce64b06c9e81,removed,
apps/mobile/src/cooking/runtime.ts,abe58bdaeb801155dd9c87fbb0660190eee4cf28f71f44a81a0befb173270697,protocol-fixture,packages/protocol-fixtures/src/cooking/runtime.ts
apps/mobile/src/cooking/use-draft.ts,5ecb25647324b9f01cfddc514cca704a39452375b28f92784960bdc318128fec,removed,
apps/mobile/src/food/client.ts,caa3fb9b75139e1bbd19bb7c362d9112f2a214f39967eb9dfdfebd40c9d33431,protocol-fixture,packages/protocol-fixtures/src/food/client.ts
apps/mobile/src/food/draft.ts,dc19bc0fd160c2741cef74621ccd999c0c40ef1adfe7bd596edab18f993376e7,protocol-fixture,packages/protocol-fixtures/src/food/draft.ts
apps/mobile/src/food/owner.ts,98bba2bc89da114165f9822ae5be407d8179e592e8e43c0bcc31c0ef544d70cb,protocol-fixture,packages/protocol-fixtures/src/food/owner.ts
apps/mobile/src/food/runtime.ts,ec3464a0889034277c4c63fc4a3b7ffc7801c3c5571fc9d21a2a1253809909b8,protocol-fixture,packages/protocol-fixtures/src/food/runtime.ts
apps/mobile/src/food/use-draft.ts,7ee772c90693216963fff99288522942ded7a6b4b08fbe2475184900244d68dc,removed,
apps/mobile/src/groceries/README.md,f9df35a607b787eca048df22ac011d76a881ad753a6d3768b725e38d3c238d89,removed,
apps/mobile/src/groceries/change-summary.ts,bb9d4f78dd07e90cad0a63bc2d9d46c6a553be9e1bcb5942e8bd21b962d3813b,protocol-fixture,packages/protocol-fixtures/src/groceries/change-summary.ts
apps/mobile/src/groceries/checklist-view.ts,024eec56ef0ea2873bf263451fa34dd3ef16f4e29445222b91cebd58cbcb7089,protocol-fixture,packages/protocol-fixtures/src/groceries/checklist-view.ts
apps/mobile/src/groceries/client.ts,58747cdbd126cdfd38065455892d00a28439bcb74d6fea494f3b31a86dae747d,protocol-fixture,packages/protocol-fixtures/src/groceries/client.ts
apps/mobile/src/groceries/controller.ts,87e68c6a730ff2df708b06c7ea5169a5ade9f1158455042b7e6b9c3b5b16629c,protocol-fixture,packages/protocol-fixtures/src/groceries/controller.ts
apps/mobile/src/groceries/edit-contract.ts,16fda055f3fd7162f45178ec3dbc75685551ffcdc18927f4f5d1fd2340628e0a,protocol-fixture,packages/protocol-fixtures/src/groceries/edit-contract.ts
apps/mobile/src/groceries/editing-client.ts,1ab227356e90dde26bb7c1804ab27c83442e6a25bcc4ffa3c6d803a93d5f5625,protocol-fixture,packages/protocol-fixtures/src/groceries/editing-client.ts
apps/mobile/src/groceries/editor-runtime.ts,33f1764e81f4607d5866fd5beb2b3d63451f0504daaf7b49cf4b2fd6e9db2b0c,protocol-fixture,packages/protocol-fixtures/src/groceries/editor-runtime.ts
apps/mobile/src/groceries/flow.ts,6a37a91cde0cf1317cac72dae6e89c1eb6991dcd1e01bb8700f5bfdf8be53061,protocol-fixture,packages/protocol-fixtures/src/groceries/flow.ts
apps/mobile/src/groceries/runtime.ts,b2e567af7037bf788d30ad87547d2c780693d3e5b5e68c746f5d7ff65ca122dc,protocol-fixture,packages/protocol-fixtures/src/groceries/runtime.ts
apps/mobile/src/groceries/transport.ts,e28e6b520f2c5263a06ed56fdb73509eff4da98e7d7224cd34371f8289cfb274,protocol-fixture,packages/protocol-fixtures/src/groceries/transport.ts
apps/mobile/src/groceries/use-draft.ts,bcc1e0868274b4d0b28c3563515d6e7cc19320a9cab945592bb9fb2aa47e6319,removed,
apps/mobile/src/groceries/use-editor.ts,aa383950f71c7e84274eeea316a25705fbca70c5c1e0fba9b6296fe4310a5bf3,removed,
apps/mobile/src/groceries/use-groceries.ts,7177e9d3268532fe98b7f759b743a1cc1084324d98f67b5866abef298e2e319a,removed,
apps/mobile/src/grocery-reminders/client.ts,06c16d7a0168ec06f4e7fb25fedfc8f00108b1c0ab19ca35514cc3166cbb044e,protocol-fixture,packages/protocol-fixtures/src/grocery-reminders/client.ts
apps/mobile/src/grocery-reminders/confirmation.ts,901a2bd17ddd623de3ae25945755412ff4725af655b771cfd52bbbd9e5329cf6,protocol-fixture,packages/protocol-fixtures/src/grocery-reminders/confirmation.ts
apps/mobile/src/grocery-reminders/editor-access.ts,f9b7886ec30b4e13b31c0039b5c65954bcc60daf7c3f03f12c030fc5ceddb530,removed,
apps/mobile/src/grocery-reminders/editor-body.tsx,66c58e99b9368e92385185682cc08e9cf590760c071fc244f1ea2f019a3755e9,removed,
apps/mobile/src/grocery-reminders/editor-context.ts,3308c8228a0cb63596f28dde4df68356820f1498b07494dd125220f93b3bbd32,protocol-fixture,packages/protocol-fixtures/src/grocery-reminders/editor-context.ts
apps/mobile/src/grocery-reminders/editor-form.tsx,7e1ab00b7bb535cb7782e1205ffcb87e7779c6973984185021e36c6a225b988e,removed,
apps/mobile/src/grocery-reminders/editor-gate.tsx,e59625b4acba810fd7671be0394faf67a162b58c87e0f8ef214ace0c192d54c0,removed,
apps/mobile/src/grocery-reminders/fields.tsx,574b87d8e0dab1473863d2c04770e3c2e1ee8924274207d30b493b01b390a234,removed,
apps/mobile/src/grocery-reminders/form.ts,03c93c8337811ca2968cfbd43ba5617c9d099e7548dcbf749f8ae2bfa1deac19,protocol-fixture,packages/protocol-fixtures/src/grocery-reminders/form.ts
apps/mobile/src/grocery-reminders/recovery-entry.tsx,24a53bfc87fb1ef76208859697dd8f99078226a8e9a38c8ad6541d92f1547bc6,removed,
apps/mobile/src/grocery-reminders/recovery-review.ts,a689bbe8815a05f2289be6e5faf867875c56ba3f94c4e449359ec7337c3c5ce6,removed,
apps/mobile/src/grocery-reminders/recovery.tsx,27c6f2361d647db419944116a06e352fadefa29c99bc34d8e6e1634188e21b0b,removed,
apps/mobile/src/grocery-reminders/save-attempt.ts,a1c08bd63ee97a2511a9a79a06ad6d2d0171193ecda75182cce9a8e62d26275c,protocol-fixture,packages/protocol-fixtures/src/grocery-reminders/save-attempt.ts
apps/mobile/src/grocery-reminders/save-operations.ts,195ccb4dfe9686d2a529e4afdd5dcb93406b6fdf8b2822c0cd2baca38c1b94a6,protocol-fixture,packages/protocol-fixtures/src/grocery-reminders/save-operations.ts
apps/mobile/src/grocery-reminders/save-owner.ts,92d4bc6224438022d8f8ceb36f4f2454a83bff527ddee02f6f190a054684997b,removed,
apps/mobile/src/grocery-reminders/save-runtime.ts,48e7ea63b0f339ddd3ee2fac92e861bb45905b155a27ecc8959ef98e010c25a5,protocol-fixture,packages/protocol-fixtures/src/grocery-reminders/save-runtime.ts
apps/mobile/src/grocery-reminders/use-editor-context.ts,2c937d6dfaae999af6662ba55526207457d195b0525f81a7154363c2f3078455,removed,
apps/mobile/src/grocery-reminders/use-fields.ts,041c32f8f89de1b41981cfe5e22142e163d08d60b104e9f4bc92719337fd45f1,removed,
apps/mobile/src/grocery-reminders/use-leave-editor.ts,05b5e44f829d4aa2db6651aa8722e229cf2a0571035d4a8742cb7a61bed150c8,removed,
apps/mobile/src/meal-reminders/client.ts,e6e2946416995338281728ae33db891fbf417e52a0a4a1c03336e61f090f6b58,protocol-fixture,packages/protocol-fixtures/src/meal-reminders/client.ts
apps/mobile/src/meal-reminders/confirmation.ts,905829f4356dc2d3f53c57b2ced95516832ea535379387a400a3dbc99285d655,protocol-fixture,packages/protocol-fixtures/src/meal-reminders/confirmation.ts
apps/mobile/src/meal-reminders/editor-access.ts,b50f46a25056bd4a5f2452a01b422f8e7d2ca119fe1fe42263a629f0d7983e3f,protocol-fixture,packages/protocol-fixtures/src/meal-reminders/editor-access.ts
apps/mobile/src/meal-reminders/editor-body.tsx,f001db70620a092f777f3b89db0e230f865b5702a85f0a558cd7774f3ae21fd0,removed,
apps/mobile/src/meal-reminders/editor-context.ts,821ea97fc57b208d7adcfc6dace49d3b09f1305356a18ee4e2c7a110e9876362,protocol-fixture,packages/protocol-fixtures/src/meal-reminders/editor-context.ts
apps/mobile/src/meal-reminders/editor-form.tsx,379da1550f9582a037f043c793029dd61fc800b55658eab0f8d8ecf90a8bcfdb,removed,
apps/mobile/src/meal-reminders/editor-gate.tsx,a53dcadc950b2cfe8fc43b2e8d6a89b543dc82e5f65f185c9231f6cf06274df4,removed,
apps/mobile/src/meal-reminders/fields.tsx,dec7972188b98d61bad7e3a57883fdded943882fde8caaf12e6c262e8fa98cc7,removed,
apps/mobile/src/meal-reminders/form.ts,b89f72dc8beed42329a1b9f3a630b5d9110db57579592235e4ecfbabf2db2626,protocol-fixture,packages/protocol-fixtures/src/meal-reminders/form.ts
apps/mobile/src/meal-reminders/recovery-entry.tsx,8938d73eb12bd7b6ecd672363132c51182ba785547a07685ad9f596d0f16bb82,removed,
apps/mobile/src/meal-reminders/recovery-review.ts,cc2a26eb6e0e4c0d573b4913ce28d75db7d9893b3ee3feb73c1b8b9cdf8ebd13,protocol-fixture,packages/protocol-fixtures/src/meal-reminders/recovery-review.ts
apps/mobile/src/meal-reminders/recovery.tsx,331442dae74001d3001086cfb88ba80ea5c35d94c4f753eccf1e5da3e052eba7,removed,
apps/mobile/src/meal-reminders/save-attempt.ts,c2f5bcc24ee2bbe0ad3b92be5d6e801eae3336dd13074e8195f407350e28d26d,protocol-fixture,packages/protocol-fixtures/src/meal-reminders/save-attempt.ts
apps/mobile/src/meal-reminders/save-operations.ts,72537be4020131877b9a029dd450c92a5c7cc2f8aa97b7ecc56720a0e2ede7da,protocol-fixture,packages/protocol-fixtures/src/meal-reminders/save-operations.ts
apps/mobile/src/meal-reminders/save-owner.ts,70d21b64c8a450127a140916f025336cc70f572d4a9f0c5b55ed520cbc8739d5,removed,
apps/mobile/src/meal-reminders/save-runtime.ts,6af9f5a87bf93960b310c79b4e8411a3bf58b65f7839a90dbea275dd4e8d4298,protocol-fixture,packages/protocol-fixtures/src/meal-reminders/save-runtime.ts
apps/mobile/src/meal-reminders/use-editor-context.ts,02c67aa8cd8f0eef2480c510e41f62ac3a0fb1a7e304de2c354cdd931ec580f9,removed,
apps/mobile/src/meal-reminders/use-fields.ts,44a1683b6aa71f6050538b62a6bb61d49b48cd3ea10729556145d8833914a75d,removed,
apps/mobile/src/meal-reminders/use-leave-editor.ts,bd7e0153063723de1ee7087aa333dd67b64d1214d7b078b542a0bdbd56e24d56,removed,
apps/mobile/src/meals/README.md,fd90c83c1947405239a442491cd8b3086e120f2f29aae7f08f2114eff4306d94,removed,
apps/mobile/src/meals/board.tsx,ce4cf991bbd4b19c86699fa9c084e538a734b211a480f4f3c58593831420a701,removed,
apps/mobile/src/meals/client.ts,2ce466b17524a361b53a72013563e391fdd36e1a5fef726b25e3d5fa7fc31016,protocol-fixture,packages/protocol-fixtures/src/meals/client.ts
apps/mobile/src/meals/ingredient-client.ts,5f145be22025deec5b89a9b6133bb14245adf4e4df32d314203a05ac2b528189,protocol-fixture,packages/protocol-fixtures/src/meals/ingredient-client.ts
apps/mobile/src/meals/ingredient-controls.tsx,8e56182fe949ff90f6916b81bef404cb5f76ecdd774ede04d08f41e14c2f88fa,removed,
apps/mobile/src/meals/ingredient-draft.ts,9ca998fe192d04fba23775b513c490b214950218c9cbe526da761bb9f4d3c1ec,protocol-fixture,packages/protocol-fixtures/src/meals/ingredient-draft.ts
apps/mobile/src/meals/ingredient-owner.ts,1468a0e84bdfe8ca13fb65246b90f2a2e4b0cc646d97e20ee650e782eafbb8be,removed,
apps/mobile/src/meals/ingredient-pages.ts,546c814676b081d49605da3f4ff81bcfeb2abd5c10c8ea0a30d75f47ffcc4746,protocol-fixture,packages/protocol-fixtures/src/meals/ingredient-pages.ts
apps/mobile/src/meals/ingredient-quantity-editor.tsx,aa24951c8578a40af4d52025f33d741e3018095686ce6531b5f26e5949f775b5,removed,
apps/mobile/src/meals/ingredient-review.tsx,f858847b42ec4adacae33cd79df26ee5ebb50358ea44cdfa511cc006ecd7f658,removed,
apps/mobile/src/meals/ingredient-runtime.ts,507865b72612b1b68191499dce64e29618c1c07f0ffa43455a6fa76c42ff7481,protocol-fixture,packages/protocol-fixtures/src/meals/ingredient-runtime.ts
apps/mobile/src/meals/leftovers-client.ts,42bbaeeeff5f78b42939006c6c5651007455ef82164b08589974937baa93a040,protocol-fixture,packages/protocol-fixtures/src/meals/leftovers-client.ts
apps/mobile/src/meals/leftovers-form.tsx,30710626287ae16e431fa35060bb36d77c7594d1f1b77cfb9da1ecccffa9c219,removed,
apps/mobile/src/meals/leftovers-owner.ts,6b95e7ba0d6bc962596deb2967f8dbb52c89b9bbd875698923c0054690a84714,protocol-fixture,packages/protocol-fixtures/src/meals/leftovers-owner.ts
apps/mobile/src/meals/leftovers-runtime.ts,64b783d19e208a0b791f9e72de3d37c0d641855a7ae4088c24356a8b7862c9af,protocol-fixture,packages/protocol-fixtures/src/meals/leftovers-runtime.ts
apps/mobile/src/meals/library-client.ts,cc37deb350640ff3a54fde3048904ca0110024ac8cd871a91a967e1c13268553,protocol-fixture,packages/protocol-fixtures/src/meals/library-client.ts
apps/mobile/src/meals/library-owner.ts,f58d884066e613b3a390278b5c9a52f397f1cdce9454c9c03657f47918d2231f,protocol-fixture,packages/protocol-fixtures/src/meals/library-owner.ts
apps/mobile/src/meals/library-runtime.ts,2638be48218b4a63ceb74b8a8f6065023bb2c162d040b1ddbd4876a5ff313c23,protocol-fixture,packages/protocol-fixtures/src/meals/library-runtime.ts
apps/mobile/src/meals/meal-actions.tsx,9ed08b735d5328aca975e3422d32a3cb8ca4e1a53e66d3709f59c6843edbf97c,removed,
apps/mobile/src/meals/move-client.ts,3fbe525d03e02990b92f33aa1c54724252661e8aed3780b05a5bd1b3082be54a,protocol-fixture,packages/protocol-fixtures/src/meals/move-client.ts
apps/mobile/src/meals/move-form.tsx,0bab22a9f488381bf0bc94203d84f026cdf98216c39feb4f896f174195dda39f,removed,
apps/mobile/src/meals/move-owner.ts,bd26102c90b4835bf3127bff5d5df0943b1d71cd0d5262b23f1e2a1156cd9dd1,protocol-fixture,packages/protocol-fixtures/src/meals/move-owner.ts
apps/mobile/src/meals/move-runtime.ts,b3adb1cd79bbed6d01481b45f9e9b2387acdf24cea49dc85e8d042c0cb17a070,protocol-fixture,packages/protocol-fixtures/src/meals/move-runtime.ts
apps/mobile/src/meals/move-target.ts,e2572854e797928ffb510c9e368524c19c1b3811561b49a6bbf0c7062f1546d1,protocol-fixture,packages/protocol-fixtures/src/meals/move-target.ts
apps/mobile/src/meals/owner.ts,f2b78005bb9496bc81e54576b49be9a1a128b26a32ed078e5c25be7df98b50c4,removed,
apps/mobile/src/meals/placement-client.ts,2b57090f81743ee52d81d9a5895b0251f8f1565cbaa4ad21a902d2d682f35dd6,protocol-fixture,packages/protocol-fixtures/src/meals/placement-client.ts
apps/mobile/src/meals/placement-form.tsx,54400a868fcb3fe122971808fed7816fc059303c5b11b548fc507eb56d4fdba8,removed,
apps/mobile/src/meals/placement-owner.ts,e5d4ac7858d99d0854a5cae566625cc0e9e30f3baf54bbc294fd440d194de32f,protocol-fixture,packages/protocol-fixtures/src/meals/placement-owner.ts
apps/mobile/src/meals/placement-runtime.ts,dd63dfb78963c88232172fd597177f074115d02422384e4677270b936527af1a,protocol-fixture,packages/protocol-fixtures/src/meals/placement-runtime.ts
apps/mobile/src/meals/placement-target.ts,7e578a623018490e97e6d0801e817a5a4d797621c8835e39efdc56587ef090a1,protocol-fixture,packages/protocol-fixtures/src/meals/placement-target.ts
apps/mobile/src/meals/planned-recipe-client.ts,228e32cf1ba25c050ce3176838aec99398ad01fb0134ae38f1082446b75870c5,protocol-fixture,packages/protocol-fixtures/src/meals/planned-recipe-client.ts
apps/mobile/src/meals/planned-recipe-owner.ts,ef4ffac9e8fcd79d4c0bac6c7bbbc5efb73cf08b41838322f05afdafe9398399,protocol-fixture,packages/protocol-fixtures/src/meals/planned-recipe-owner.ts
apps/mobile/src/meals/planned-recipe-runtime.ts,c7b4597dd829fa5ef38630c74c8fbfeca70dcb32eebe79ba0406f56d0675e8bd,protocol-fixture,packages/protocol-fixtures/src/meals/planned-recipe-runtime.ts
apps/mobile/src/meals/preparation-create-client.ts,30011c4f72f73fbbdc54d46b0765aa3ec140109745a50d6454cef3bac2a42060,protocol-fixture,packages/protocol-fixtures/src/meals/preparation-create-client.ts
apps/mobile/src/meals/preparation-draft.ts,7ea76ca4969d6fdae0e19bd6cd9b06f5bf989dc47b2be636e62e32c2c50d6d22,protocol-fixture,packages/protocol-fixtures/src/meals/preparation-draft.ts
apps/mobile/src/meals/preparation-edit-client.ts,21e2ca5d63e81c3cb197d42a4e5128bece3e1784de38e7076a4b828e865a7a64,protocol-fixture,packages/protocol-fixtures/src/meals/preparation-edit-client.ts
apps/mobile/src/meals/preparation-edit-draft.ts,566448f45c0f42d0bd6be1c363b0079742e3c8ed80fe32150bfa7ab990c4ef78,protocol-fixture,packages/protocol-fixtures/src/meals/preparation-edit-draft.ts
apps/mobile/src/meals/preparation-edit-form.tsx,53d9670ae4f2ae09910c224c0ff6ca04ab49ddd69673025abed13cb01856c126,removed,
apps/mobile/src/meals/preparation-edit-owner.ts,52dd6cd6ccd87eb332a8a5fd63d490fa545f36aa75ef0d49ee05b0529c231c67,protocol-fixture,packages/protocol-fixtures/src/meals/preparation-edit-owner.ts
apps/mobile/src/meals/preparation-edit-runtime.ts,fb6f41e045585b02774027848eb03bfd3c5038041e9585ca3139730a0b7b5e5b,protocol-fixture,packages/protocol-fixtures/src/meals/preparation-edit-runtime.ts
apps/mobile/src/meals/preparation-form.tsx,786fae02a2954cb9bc81841a51a2e0ec3c9f88d486aedeaeda13fcd6d221f022,removed,
apps/mobile/src/meals/preparation-owner.ts,6858c7c4e4b4637f6627884a233e8c41129fc98c95b8848331ff810e6d9a67cd,protocol-fixture,packages/protocol-fixtures/src/meals/preparation-owner.ts
apps/mobile/src/meals/preparation-read-client.ts,22043ceaecf63e8a3a9ace0f73f830301c5e9b02c9c0fa6756a0eed8af0e4340,protocol-fixture,packages/protocol-fixtures/src/meals/preparation-read-client.ts
apps/mobile/src/meals/preparation-runtime.ts,681bf79214b03770f511a9356b09142ee49fc707f1e60a0cb8c9a007de6d1197,protocol-fixture,packages/protocol-fixtures/src/meals/preparation-runtime.ts
apps/mobile/src/meals/preparation-target.ts,014b84ef6abe709a47619004fe59f28b9110b10c296bb06e323c76f534ccf35c,protocol-fixture,packages/protocol-fixtures/src/meals/preparation-target.ts
apps/mobile/src/meals/proposal-approval-client.ts,3fc21cad709fc8cff497fed771004a37c18fab6c01eb40d4baac6caf535a0690,protocol-fixture,packages/protocol-fixtures/src/meals/proposal-approval-client.ts
apps/mobile/src/meals/proposal-approval.ts,a6e7b7d67376e209d52fb8a26bb2beb72b3049d5ede73a9b98e943ace0a84440,protocol-fixture,packages/protocol-fixtures/src/meals/proposal-approval.ts
apps/mobile/src/meals/proposal-attempt.ts,6cd095c4c34f98b33ed33c870a44763933961f8954423d834e2bf3442ab46179,protocol-fixture,packages/protocol-fixtures/src/meals/proposal-attempt.ts
apps/mobile/src/meals/proposal-client.ts,07da834766ee9a5657515e566252682d8ce86337ffc1a3ac33c6b63a63f227a1,protocol-fixture,packages/protocol-fixtures/src/meals/proposal-client.ts
apps/mobile/src/meals/proposal-controls.tsx,c1ea149e9abbef2f2442d2d634a40d376d9a6ad3a67e470d9760f2532c3a3d6f,removed,
apps/mobile/src/meals/proposal-edit-client.ts,613413dcd5065b57c2fe4aa9bd27d51f1216c65bb269ce95fa401c575e545ee0,protocol-fixture,packages/protocol-fixtures/src/meals/proposal-edit-client.ts
apps/mobile/src/meals/proposal-edit-runtime.ts,5cd28ad1f11789ca8c83ac777a2546074991deb02c2ca2fa22d33b862ee3ecc5,protocol-fixture,packages/protocol-fixtures/src/meals/proposal-edit-runtime.ts
apps/mobile/src/meals/proposal-entry-card.tsx,d7ac7d5edb11a7dd71dc87999e6971a12819d8877e735df827e927a7126beb8f,removed,
apps/mobile/src/meals/proposal-handoff.ts,f59902475a3a6b64464e55babbd92009d33f2e507f5310b91eb5f9f5084c8279,protocol-fixture,packages/protocol-fixtures/src/meals/proposal-handoff.ts
apps/mobile/src/meals/proposal-owner.ts,083b2bc7540dffa95e0c6a049fd70fd5131a6ff52780a37efb43cd5f1d711308,removed,
apps/mobile/src/meals/proposal-preview.tsx,3f2812181663ef68cb8539f39d74a620fd6a8630ede893c5e9f9466bc4f10a64,removed,
apps/mobile/src/meals/proposal-runtime.ts,a007b7985c6ed77024897d241166a4a801453b1ad05c691233ec4ef363bab5d7,protocol-fixture,packages/protocol-fixtures/src/meals/proposal-runtime.ts
apps/mobile/src/meals/proposal-saved-picker.tsx,bd3c3b0cde6e90781a0c3d77503f7e3335874e7816ca42dc912b08ad6912531d,removed,
apps/mobile/src/meals/recipe-archive-client.ts,cf591d08471d3ad12a37a33d7de1971869b0eb4eab963d9e0b0dbfe679f1edbe,protocol-fixture,packages/protocol-fixtures/src/meals/recipe-archive-client.ts
apps/mobile/src/meals/recipe-archive-owner.ts,5ef779989c4b02dfe539ca5afd6d5c2c150fd675c0f18d122de3225ef51d6fe2,protocol-fixture,packages/protocol-fixtures/src/meals/recipe-archive-owner.ts
apps/mobile/src/meals/recipe-archive-runtime.ts,fa57b0da841de4b39fd6ea75c5b49733f7e1d082506c45c9776e7a3f092a0b88,protocol-fixture,packages/protocol-fixtures/src/meals/recipe-archive-runtime.ts
apps/mobile/src/meals/recipe-content.tsx,ccc46d75f8ae6070c7402c1648398729a3e1e29abff08a75962edf3fd026253e,removed,
apps/mobile/src/meals/recipe-creation-client.ts,4679f9c62a9caa0bff016bc20f689424f61f96136513a2e41edf4c008d24b2e7,protocol-fixture,packages/protocol-fixtures/src/meals/recipe-creation-client.ts
apps/mobile/src/meals/recipe-creation-form.tsx,2ad4ba6cba5652278800f32a0994f3ae41e7004f78d7a5dd0e6a477e2a912b95,removed,
apps/mobile/src/meals/recipe-creation-owner.ts,d58f5fa8d2edeaf6469a91691e22d41510edb14f9e204df4580abb535af95b1c,protocol-fixture,packages/protocol-fixtures/src/meals/recipe-creation-owner.ts
apps/mobile/src/meals/recipe-creation-recovery.tsx,567b2c3fac79218b21aad54e3b7c57aec03cc163f81a0645d9eb446055ea59ae,removed,
apps/mobile/src/meals/recipe-creation-runtime.ts,c22b44551b2a773625bf87975113402ca5d0e2925dfa346cb1a4fb89977536a0,protocol-fixture,packages/protocol-fixtures/src/meals/recipe-creation-runtime.ts
apps/mobile/src/meals/recipe-edit-client.ts,6453fb45c499cbebe38592e0a357aedced8ce44a1bc8d47019c9edd92f7c515c,protocol-fixture,packages/protocol-fixtures/src/meals/recipe-edit-client.ts
apps/mobile/src/meals/recipe-edit-draft.ts,f564b824f43a12aeea801e76ed47f6f7a99682848a4389ef6326dbba6244b0b6,protocol-fixture,packages/protocol-fixtures/src/meals/recipe-edit-draft.ts
apps/mobile/src/meals/recipe-edit-fields.tsx,eee2d4e8f2e404630857dee0c57e29cef47dd8180d316fd3a359ebf06f0bb0fd,removed,
apps/mobile/src/meals/recipe-edit-form.tsx,bafbf720d7fa96d53da9e9326849384508a53a9d09aa312131eecbc51cfb4d69,removed,
apps/mobile/src/meals/recipe-edit-ingredient.tsx,613aecec43f0c9e32ccd3562c8cf4bb76c188de7a215de1b5582b4ef57786bc8,removed,
apps/mobile/src/meals/recipe-edit-owner.ts,905d8d404890fce77f0378ddb98bff923feb925448001be83f75a74b12af3e98,protocol-fixture,packages/protocol-fixtures/src/meals/recipe-edit-owner.ts
apps/mobile/src/meals/recipe-edit-runtime.ts,7c13327058ebc1581b7881b31bb90e046fbaaa0bc97b7bdf3d76212dc8667c1a,protocol-fixture,packages/protocol-fixtures/src/meals/recipe-edit-runtime.ts
apps/mobile/src/meals/recipe-edit-status.tsx,90f97944b20193037630552d5125a02e24a8522f8eb5c72699f1fdc0992e2178,removed,
apps/mobile/src/meals/recipe-fields.tsx,754cf314fc2d52e69df35e2cc47c5b3f2f6273872c0a405406ad7345d53ded54,removed,
apps/mobile/src/meals/recipe-ingredient-editor.tsx,b23df7cc3fbba06a597659926eda4c73950c9d544a0fe0dcebdde978b32df620,removed,
apps/mobile/src/meals/recipe-link.ts,5553674600814c78d8ca4e66f6e12ebc4bc59e2905737722df4a54ff37cc3cb7,protocol-fixture,packages/protocol-fixtures/src/meals/recipe-link.ts
apps/mobile/src/meals/recipe-placement-client.ts,adb5029aaeb6f9fb89e1d55c52c92582f05cbc45fc58028e61998bb2c9b8b7df,protocol-fixture,packages/protocol-fixtures/src/meals/recipe-placement-client.ts
apps/mobile/src/meals/recipe-replacement-client.ts,5fa9e4a9081de80554c1c3fe6939f94e1daa095275def84672eab443c25bf846,protocol-fixture,packages/protocol-fixtures/src/meals/recipe-replacement-client.ts
apps/mobile/src/meals/recipe-runtime.ts,8d5fd89ec4f5e1de7d4acdaecd62528af353aa16d18688e21b50fe0ddac397e5,protocol-fixture,packages/protocol-fixtures/src/meals/recipe-runtime.ts
apps/mobile/src/meals/removal-client.ts,356d651a0a38e97a370d6424cee0cff4f4892b3a49dd50b92362012e51abb242,protocol-fixture,packages/protocol-fixtures/src/meals/removal-client.ts
apps/mobile/src/meals/removal-form.tsx,b444cfbaa4e03d0fbe99ced08f8e3f945d363b56782b001dbad7fdb732bd2da9,removed,
apps/mobile/src/meals/removal-owner.ts,afd2163b0b7ecf69906dd4e2229927166c9d4d55d5782178f2805f4ae86c2e59,protocol-fixture,packages/protocol-fixtures/src/meals/removal-owner.ts
apps/mobile/src/meals/removal-runtime.ts,13419408bebfefdbd2d0afa35b0c7b0ac00e90c85b377f161b5e2a6b4497e5f4,protocol-fixture,packages/protocol-fixtures/src/meals/removal-runtime.ts
apps/mobile/src/meals/removal-target.ts,195e6b106f7de2e9f2cfb28544c624897929ced3b0234b89785e3b049b46e833,protocol-fixture,packages/protocol-fixtures/src/meals/removal-target.ts
apps/mobile/src/meals/replacement-client.ts,2031be93a2e6de03e95a8af86a7e8520bf6a1b97fe26ecabe09458dada7bdec2,protocol-fixture,packages/protocol-fixtures/src/meals/replacement-client.ts
apps/mobile/src/meals/replacement-form.tsx,b7c34b2c22b200b51172bca53539a101fa697b261eb216ec2e58107e961733ce,removed,
apps/mobile/src/meals/replacement-owner.ts,d2b22b09e73a5b18f67dd6d768a0c7d1fda422becf59277bea1e2e30e6171a75,protocol-fixture,packages/protocol-fixtures/src/meals/replacement-owner.ts
apps/mobile/src/meals/replacement-runtime.ts,a8607461e4020905e4256d0d2c2f27ed2a70b0723a99af2649e694912bcf57f4,protocol-fixture,packages/protocol-fixtures/src/meals/replacement-runtime.ts
apps/mobile/src/meals/replacement-target.ts,5a7954b3161ebd8cee51485ce2a59939fe280703e25341f9e8de42fc89edbfdd,protocol-fixture,packages/protocol-fixtures/src/meals/replacement-target.ts
apps/mobile/src/meals/route-week.ts,7cb5f4900616308e8c6a2c63b201434ea27e651fb9425f6c72faed5fa121ff8b,protocol-fixture,packages/protocol-fixtures/src/meals/route-week.ts
apps/mobile/src/meals/runtime.ts,cbb6c0c16dc95dde7118f425c85cd79884f38f7150beecbdf8952663a67a96b9,protocol-fixture,packages/protocol-fixtures/src/meals/runtime.ts
apps/mobile/src/meals/selection-content.tsx,3f558fb328178db27f69572252c3a6a00f4c8aab1ada59a2c238766b2394d0cf,removed,
apps/mobile/src/meals/selection-owner.ts,0b4abd523b144a3f9472050af5c96e520fa14705bb58f18c561d02af4b58847a,removed,
apps/mobile/src/meals/selection-receipt.ts,83fdd1c97dacecc474ebe27cd55957dd20b24a34e0a60e9425f29f7b3b8b27af,protocol-fixture,packages/protocol-fixtures/src/meals/selection-receipt.ts
apps/mobile/src/meals/selection-runtime.ts,607c1a1c8b65e804afa89125a7c662dcd1d8b5be8887ec9987cbdbca7640a4d2,protocol-fixture,packages/protocol-fixtures/src/meals/selection-runtime.ts
apps/mobile/src/meals/selection-target.ts,edc98f0ce378eced92c0e555199e31cd5cac1e533b6a5c1825b6a9f2ef0b2b5c,protocol-fixture,packages/protocol-fixtures/src/meals/selection-target.ts
apps/mobile/src/meals/use-preparation-draft.ts,6bab64531333c6e22e9ffbec713d35f69450c0b09864a0965e021a47d8e7d646,removed,
apps/mobile/src/meals/use-preparation-edit-draft.ts,1e6cb2d72978cdff9f8fbc7f6cfee2b2c05fc8f54c04290de025f53bbb716869,removed,
apps/mobile/src/meals/use-refresh.ts,5c659572409c09b63668fcb135ba9fe6fa6c777ba1841ee0e70be8fd03470fbd,removed,
apps/mobile/src/meals/use-visible-slots.ts,6d6b93b8ca3c104975c5619b66eda6b44bebe4d58985ff9e9dacc8960a38de0d,removed,
apps/mobile/src/meals/week-toolbar.tsx,754203d06d9aa269b3e8354bb1e07fb16177f46c6ba761f2383d2342a5f9aac5,removed,
apps/mobile/src/memory/client.ts,1e394f52a8115dc941b11608fae691045a6acf807a96ab93904626b9f220b320,protocol-fixture,packages/protocol-fixtures/src/memory/client.ts
apps/mobile/src/memory/owner.ts,98256fe0a3509f2c294e49da038cd78547031cf9ef897776411d43babdb126ca,protocol-fixture,packages/protocol-fixtures/src/memory/owner.ts
apps/mobile/src/memory/runtime.ts,dc7a17704339fae7363e3f3aed9487bac686dfc32842576cd33b990477f7327b,protocol-fixture,packages/protocol-fixtures/src/memory/runtime.ts
apps/mobile/src/memory/state.ts,0690ab0508ac0d0699c2ef666b558c83428b4120dbb2c432949f599765ede764,protocol-fixture,packages/protocol-fixtures/src/memory/state.ts
apps/mobile/src/money/approval-attempt.ts,fb3f531a12f1cdadb4478abff59ae1ac85e88353fe595d2c497d3c84851e244b,protocol-fixture,packages/protocol-fixtures/src/money/approval-attempt.ts
apps/mobile/src/money/approval-client.ts,67ca6a7bc035a1efaef9a6cd69a20d036429b4e0ec391b864f17b4969eb94e1f,protocol-fixture,packages/protocol-fixtures/src/money/approval-client.ts
apps/mobile/src/money/approval-content.tsx,4649aa478da4e2838f96e183a67305f85d724735d7e8319b135d087ce3519101,removed,
apps/mobile/src/money/approval-display.ts,063f1071771ea3c3153b546e4aa8581874104faee56bf5dfc2c4e05187b15cc2,protocol-fixture,packages/protocol-fixtures/src/money/approval-display.ts
apps/mobile/src/money/approval-operations.ts,c138776a71ed129e5aa9e11e359d6332d1a5cdcebc0ebf50d2eab5476faf3e3b,protocol-fixture,packages/protocol-fixtures/src/money/approval-operations.ts
apps/mobile/src/money/approval-owner.ts,f02dd107ecee1969419da59d8bd3b1bcaad4aed70346fa6f6ea8b5b3d1f4489e,protocol-fixture,packages/protocol-fixtures/src/money/approval-owner.ts
apps/mobile/src/money/approval-runtime.ts,9cb3590b8c814b37afc25ad3cab5f6512cd0cbdb64213506e8f6064a7e58bf1b,protocol-fixture,packages/protocol-fixtures/src/money/approval-runtime.ts
apps/mobile/src/money/balance-card.tsx,0feb71ea932e3d286294bf3660bf081f06f2b34988cbe8c9a4cb6b57df321af7,removed,
apps/mobile/src/money/category-client.ts,df19a665a4cbaf8c8f48a1e50e6c4348b304ba3c12365da28b0efeaf84af9972,protocol-fixture,packages/protocol-fixtures/src/money/category-client.ts
apps/mobile/src/money/client.ts,dbf99d90364c94a96a962b35e0acd2ffed7fcc7318aaf55e828ae9fe2c227a00,protocol-fixture,packages/protocol-fixtures/src/money/client.ts
apps/mobile/src/money/correction-approval-attempt.ts,230ddfe3a96a184ff2867e4469a906f98da4139242be9e7869562d6a9054a8ae,protocol-fixture,packages/protocol-fixtures/src/money/correction-approval-attempt.ts
apps/mobile/src/money/correction-approval-client.ts,2978984f59c246e6b53058af8eb1fdc0159f401b2f306bc169e38ed69ea1b71c,protocol-fixture,packages/protocol-fixtures/src/money/correction-approval-client.ts
apps/mobile/src/money/correction-approval-content.tsx,f2ac8a0298b17dd50d875b26ede16c76c83be4fbfabdd17d42e585245a9c6f5d,removed,
apps/mobile/src/money/correction-approval-display.ts,a3cb6780c56d652c0885872585be443902c8b47ce3803ef559de1f998654135b,protocol-fixture,packages/protocol-fixtures/src/money/correction-approval-display.ts
apps/mobile/src/money/correction-approval-operations.ts,5c58b21c885cbc442d233965b13575463281347f51a83883260b156fad0dda04,protocol-fixture,packages/protocol-fixtures/src/money/correction-approval-operations.ts
apps/mobile/src/money/correction-approval-owner.ts,ef25e6ec977923f69eafa109226114c5075f103de8c322134c15928e30d27b26,protocol-fixture,packages/protocol-fixtures/src/money/correction-approval-owner.ts
apps/mobile/src/money/correction-approval-runtime.ts,79507e646df3f91ebdbc4937ab173a6dd3dda62132810dd97d015422244aa230,protocol-fixture,packages/protocol-fixtures/src/money/correction-approval-runtime.ts
apps/mobile/src/money/correction-client.ts,b09fba69981b398d6d5f9a4cb9d960b0268c1554d4d125f911bf53d647e346ba,protocol-fixture,packages/protocol-fixtures/src/money/correction-client.ts
apps/mobile/src/money/correction-draft.ts,9a0d40d56513aea44640e52cbeb9a291f436b53d27e6ff1c05d37d0d96d8e940,protocol-fixture,packages/protocol-fixtures/src/money/correction-draft.ts
apps/mobile/src/money/correction-entry-options.ts,d9f15f6332618b74b8f9797d46698fd87d7d05c868dbaaab42cf575ba8936ecb,protocol-fixture,packages/protocol-fixtures/src/money/correction-entry-options.ts
apps/mobile/src/money/correction-fields.tsx,11e2550abe11a57cad5ef28ae7c3ba942a99f658e03041519ebf4039b7318938,removed,
apps/mobile/src/money/correction-leave.ts,0327cd0ab8e9b9b19057a5de14702be8525ee37e01cb36c32c722a8a08622def,protocol-fixture,packages/protocol-fixtures/src/money/correction-leave.ts
apps/mobile/src/money/correction-review.ts,34797d002640a3d38f2c0080735e915074345169e3f9722e28cac1333c5daa48,protocol-fixture,packages/protocol-fixtures/src/money/correction-review.ts
apps/mobile/src/money/correction-save-attempt.ts,bba4e6791cc49d3d7febe49529b65358897a76ba7f297fb26a5c662ed3a08e3b,protocol-fixture,packages/protocol-fixtures/src/money/correction-save-attempt.ts
apps/mobile/src/money/correction-save-operations.ts,bc717a783f4bb6f4833afaa27bacc997e93e022794bc8173e5978b29a7076498,protocol-fixture,packages/protocol-fixtures/src/money/correction-save-operations.ts
apps/mobile/src/money/correction-save-owner.ts,423d146c7d5eb57af019f835677aa08c60ffc0a20d7051fcb9dfff54e0ff182b,protocol-fixture,packages/protocol-fixtures/src/money/correction-save-owner.ts
apps/mobile/src/money/correction-save-runtime.ts,315ad32a529b59eecd4e90d4cdcac57d9435d877a8aef1dd53d5e76c44c3798b,protocol-fixture,packages/protocol-fixtures/src/money/correction-save-runtime.ts
apps/mobile/src/money/correction-save-status.tsx,4ef884cb2e8f7da9a6f26a2bf9a06d2ca47c317dfced016153fcbce51ee9cb0a,removed,
apps/mobile/src/money/due-bill-content.tsx,a049b7452e633c93e44133ed2e3022328e03260c3329cf59871aa9395619daa4,removed,
apps/mobile/src/money/due-variable-client.ts,d713ca4d70e70900da24f4ac5dd24808bf3bc0754ea31a7bed688b5dc73c73e7,protocol-fixture,packages/protocol-fixtures/src/money/due-variable-client.ts
apps/mobile/src/money/durable-save-runtime.ts,5e3b24549f348809420e769e501ec5066ea466d6effb76d5212aebd5920f2bd2,protocol-fixture,packages/protocol-fixtures/src/money/durable-save-runtime.ts
apps/mobile/src/money/durable-save-types.ts,b8553d5c1d7b54cc56778eeabe8a07bd597115293d390b8a30ad800e46661ae6,protocol-fixture,packages/protocol-fixtures/src/money/durable-save-types.ts
apps/mobile/src/money/entry-options.ts,4c3c9e6faf87c58f03a32d82b64e0f6a5e5adc2bd56881a33e295162111a7957,protocol-fixture,packages/protocol-fixtures/src/money/entry-options.ts
apps/mobile/src/money/expense-amount-fields.tsx,73eb58cfcaa50c78fd9a69cefa1ff9b3adf15b99c7074deccc015a8238547788,removed,
apps/mobile/src/money/expense-client.ts,ad323d0a00d5696c45354f6078405afb55638db93c7abdf0d25d78a1d1ffd3a7,protocol-fixture,packages/protocol-fixtures/src/money/expense-client.ts
apps/mobile/src/money/expense-confirmation.ts,d8224113f7c8dad8e7bb20d4ee87ee102e1915b6e8f5e155c6b52aa03d79a1c7,removed,
apps/mobile/src/money/expense-draft.ts,5cd598ddaaf0b4b9ddd3fe1dbc66f7f4e84e9b53604ecd9ad933e794aa2ec96d,protocol-fixture,packages/protocol-fixtures/src/money/expense-draft.ts
apps/mobile/src/money/expense-entry-owner.ts,499ac5062e542eb5dcd93ea0cf53dd457af21770d0cbcd13da137a5f006110b4,removed,
apps/mobile/src/money/expense-fields.tsx,7331de77ac270bcb3ad647b123b53a50f9651ce8f9896684adaf84244869d88a,removed,
apps/mobile/src/money/expense-input.ts,1aad2d857b84b11512efc7d08ba03da0cff7addceb2ef950cd79857830a4d37a,protocol-fixture,packages/protocol-fixtures/src/money/expense-input.ts
apps/mobile/src/money/expense-review.ts,299261e205c961a8ef9c37251a838d7802ba6e158761bcc3b3576fd1ffcf9047,protocol-fixture,packages/protocol-fixtures/src/money/expense-review.ts
apps/mobile/src/money/format-date.ts,b6e5625505ef7cf9bc1a7bb0a17ac4f4d911b70523fe57d7996804c1a4df8d61,protocol-fixture,packages/protocol-fixtures/src/money/format-date.ts
apps/mobile/src/money/format.ts,6365b89fd7934a8b78a455df8faa170ff61446eb330624a3623b61d27598b001,protocol-fixture,packages/protocol-fixtures/src/money/format.ts
apps/mobile/src/money/grocery-expense-display.ts,ac187c702015ec371e7be8f3a71b01bb54e82ee39881d5bbca2eb998d2e70ec6,protocol-fixture,packages/protocol-fixtures/src/money/grocery-expense-display.ts
apps/mobile/src/money/grocery-expense-summary.tsx,3033cb286db9bfc4b8b1a1b8c26aa19522d3c9c2185c02123aaf4d9fae66abb3,removed,
apps/mobile/src/money/legacy-adoption-approval-client.ts,2169f1e8f958f0412d1e4b1525c1987bc3fe44a2a6d7eee7237ed21e857df041,protocol-fixture,packages/protocol-fixtures/src/money/legacy-adoption-approval-client.ts
apps/mobile/src/money/legacy-adoption-approval-content.tsx,608a3eaf10bfe1659ebb9365bcb2f14205817a6c638167be0b11c5db23a0c802,removed,
apps/mobile/src/money/legacy-adoption-approval-context-client.ts,b93cc773879daf7480413579c0c4e65e98cd7360f5bc1f95b68d2e9ca5b42c9d,protocol-fixture,packages/protocol-fixtures/src/money/legacy-adoption-approval-context-client.ts
apps/mobile/src/money/legacy-adoption-approval-display.ts,0449159d2c9714a25aae8e96c61e5b13658ca79bb3dd2d8554af908cb264d168,protocol-fixture,packages/protocol-fixtures/src/money/legacy-adoption-approval-display.ts
apps/mobile/src/money/legacy-adoption-approval-operations.ts,e5f22980165235ea9f6b8fa6b49ae4ad9c54043f9a3947180580a15dbc76cfe6,protocol-fixture,packages/protocol-fixtures/src/money/legacy-adoption-approval-operations.ts
apps/mobile/src/money/legacy-adoption-approval-owner.ts,bb4a418a4304e26746e36663fa981bc855e4af7bd322dc4b213493b519d422ec,protocol-fixture,packages/protocol-fixtures/src/money/legacy-adoption-approval-owner.ts
apps/mobile/src/money/legacy-adoption-approval-runtime.ts,76be9a576bbcb8316057145e5fb46cabfa8a1b2dff4ced99116df3d844e70f04,protocol-fixture,packages/protocol-fixtures/src/money/legacy-adoption-approval-runtime.ts
apps/mobile/src/money/legacy-adoption-body.tsx,fb2a288bcbf7240ad05b26a2c929a2c32bb9a8829141182b7bcbb9bded351e12,removed,
apps/mobile/src/money/legacy-adoption-client.ts,8e32d5eef81aff0aa731e31ef0b13925ca51a11264dc51a5ed58c9df770d3e2c,protocol-fixture,packages/protocol-fixtures/src/money/legacy-adoption-client.ts
apps/mobile/src/money/legacy-adoption-context-client.ts,20ac4cbccde896f4e74262b5706c2a3aebd4084c63f80e1448b83150aaa48179,protocol-fixture,packages/protocol-fixtures/src/money/legacy-adoption-context-client.ts
apps/mobile/src/money/legacy-adoption-context.ts,ff2221f276a1d8291e123f0123891daa11093456ca624382a242c689ce993846,protocol-fixture,packages/protocol-fixtures/src/money/legacy-adoption-context.ts
apps/mobile/src/money/legacy-adoption-draft.ts,f224a71e9337a47d715f15c9d70c7d82ea9f3d041f617aa63c12dd14e741a516,protocol-fixture,packages/protocol-fixtures/src/money/legacy-adoption-draft.ts
apps/mobile/src/money/legacy-adoption-form.tsx,fc65c97302fb9b8ce2daa0cee0a374c9f088826e33e68ef1a9924b9c6495fe71,removed,
apps/mobile/src/money/legacy-adoption-recovery-client.ts,dc68a5c81cda1b9f95e647974b6d2bc0bfcace8d059dd618130bd8d87eb10eb8,protocol-fixture,packages/protocol-fixtures/src/money/legacy-adoption-recovery-client.ts
apps/mobile/src/money/legacy-adoption-recovery.tsx,6b0fd2a7c72c06c36ed7f4eb48fb3d326323e3e3a3dcbf896efb73c06e4aa196,removed,
apps/mobile/src/money/legacy-adoption-save-attempt.ts,f7c66efe5eb34c52eebdecb28a6ac2eff534f2b99de53724f461c95c5e7d1d97,protocol-fixture,packages/protocol-fixtures/src/money/legacy-adoption-save-attempt.ts
apps/mobile/src/money/legacy-adoption-save-operations.ts,bea64bb6dd7873ce608a2fec296ae4f89325cece47f8f8876dc80b5450287713,protocol-fixture,packages/protocol-fixtures/src/money/legacy-adoption-save-operations.ts
apps/mobile/src/money/legacy-adoption-save-owner.ts,c4d0a3e20af0082c86d09f55a0c380f4746777afbcddfb5303ca000e59601f77,removed,
apps/mobile/src/money/legacy-adoption-save-runtime.ts,4cb93e2d4eba28955affb8d5a578da8ae90c7666484af263adaea75b6730a07f,protocol-fixture,packages/protocol-fixtures/src/money/legacy-adoption-save-runtime.ts
apps/mobile/src/money/legacy-adoption-summary.ts,8abdb9b6d93f8d2595ec3c34bc367c123995f42f5ac5f35e7e588fbbd3bb659e,protocol-fixture,packages/protocol-fixtures/src/money/legacy-adoption-summary.ts
apps/mobile/src/money/legacy-confirmation-approval-client.ts,d55cc74bf51c6e7946c1f74f4f4dc178eb3135b0a76b78768cd58a6e6b380f40,protocol-fixture,packages/protocol-fixtures/src/money/legacy-confirmation-approval-client.ts
apps/mobile/src/money/legacy-confirmation-approval-content.tsx,251e0083144d3f51b58dfc7d4f8bf673fdcee18458c8413818f6198fbcda1812,removed,
apps/mobile/src/money/legacy-confirmation-approval-display.ts,59a42b18cef461f6bafacaa1a6bf5b9d94c0cf5754ce4447454cf44eb82553ff,protocol-fixture,packages/protocol-fixtures/src/money/legacy-confirmation-approval-display.ts
apps/mobile/src/money/legacy-confirmation-approval-operations.ts,509a1941735b4a7706eb223fdc95a3c18db457bceb7c3c5827d118be56a62109,protocol-fixture,packages/protocol-fixtures/src/money/legacy-confirmation-approval-operations.ts
apps/mobile/src/money/legacy-confirmation-approval-owner.ts,471d49d595c0e0d281e58772debe42a60e3c1a54ae160b98064d461a242e06a9,protocol-fixture,packages/protocol-fixtures/src/money/legacy-confirmation-approval-owner.ts
apps/mobile/src/money/legacy-confirmation-approval-runtime.ts,37659fc887195eac948e7163952d9a813a525e044e5648d28328efe4758912fd,protocol-fixture,packages/protocol-fixtures/src/money/legacy-confirmation-approval-runtime.ts
apps/mobile/src/money/legacy-confirmation-body.tsx,7c5ee3c52ad73aa2e4f7f788d8909d356fe3d426ba7dbac2d7019399bdfca1e9,removed,
apps/mobile/src/money/legacy-confirmation-client.ts,3f5b65444a5404afbabd653783cab0de0f010a0f555126ffb22d31c4f98b6e70,protocol-fixture,packages/protocol-fixtures/src/money/legacy-confirmation-client.ts
apps/mobile/src/money/legacy-confirmation-context-client.ts,c807fa366e5645d9c7e9084ae61b256f1100155c9a6f1d2bad1681d92d82db32,protocol-fixture,packages/protocol-fixtures/src/money/legacy-confirmation-context-client.ts
apps/mobile/src/money/legacy-confirmation-context.ts,f8ba1c4663685e0f54aa0c832eaf6dd5ebaf66a122df1f0b8b514fb9389f8e78,protocol-fixture,packages/protocol-fixtures/src/money/legacy-confirmation-context.ts
apps/mobile/src/money/legacy-confirmation-draft.ts,b229dd89ece758d6cf5ed64f7b52fae5c2fb39a9c13e0ea8deeec92c3f699e9f,protocol-fixture,packages/protocol-fixtures/src/money/legacy-confirmation-draft.ts
apps/mobile/src/money/legacy-confirmation-form.tsx,f4d350b4127bacd35ac22835aef8170b1399b06aae4d49d76fa4fc7274500c3a,removed,
apps/mobile/src/money/legacy-confirmation-recovery-client.ts,d8c0ee70c503c0ce8f4b3fe9370b46f8a21afcbd4732fb6c8848cb4d7b19756d,protocol-fixture,packages/protocol-fixtures/src/money/legacy-confirmation-recovery-client.ts
apps/mobile/src/money/legacy-confirmation-recovery.tsx,f30e9d0e361b6a66684a482b0b16c8dcd7ef1f201f8c206b74be1d5171728cd1,removed,
apps/mobile/src/money/legacy-confirmation-save-attempt.ts,74ff7ce889f8380577d683c4cbabe5512a4a87e019868c780cb58b4fb2bc1171,protocol-fixture,packages/protocol-fixtures/src/money/legacy-confirmation-save-attempt.ts
apps/mobile/src/money/legacy-confirmation-save-operations.ts,5ca1a43a3c63fb82991443645b34be81c88dbea47daf0855949bcc141a47bac7,protocol-fixture,packages/protocol-fixtures/src/money/legacy-confirmation-save-operations.ts
apps/mobile/src/money/legacy-confirmation-save-owner.ts,fe81adf91b5f3e27beb0838846630170d9f1656dac35028359dc601433f839af,removed,
apps/mobile/src/money/legacy-confirmation-save-runtime.ts,8f0204770b31b3d6d71c43a35cb07e4aeb091b8f9d5c799f72a9f53b9288a02a,protocol-fixture,packages/protocol-fixtures/src/money/legacy-confirmation-save-runtime.ts
apps/mobile/src/money/legacy-confirmation-summary.ts,e1e7c2860d046893525357c795d84ce2350b399ffdb32666870e60ec02ec4655,protocol-fixture,packages/protocol-fixtures/src/money/legacy-confirmation-summary.ts
apps/mobile/src/money/legacy-dismissal-actions.tsx,76ee50fa35708968c93be6a778e4a23e8317480c9f7d0af6774a7ce982674241,removed,
apps/mobile/src/money/legacy-dismissal-approval-client.ts,70da8546d3752a85a57e9a3a382788b745e056c96c1b27fe6d947ad2fbcaa0c9,protocol-fixture,packages/protocol-fixtures/src/money/legacy-dismissal-approval-client.ts
apps/mobile/src/money/legacy-dismissal-approval-content.tsx,d9fad23c961f5c9c5197beb7dca958358e88b304641abef7e50693da4b10a607,removed,
apps/mobile/src/money/legacy-dismissal-approval-display.ts,fe34a9353b5277e6e76f11462eeb9b921d4d9a828d742b1e898be40892d9dbb1,protocol-fixture,packages/protocol-fixtures/src/money/legacy-dismissal-approval-display.ts
apps/mobile/src/money/legacy-dismissal-approval-operations.ts,ad09217dc72ae129061f436a843e37c50d07e0499cffeadce60e40d32e40dd26,protocol-fixture,packages/protocol-fixtures/src/money/legacy-dismissal-approval-operations.ts
apps/mobile/src/money/legacy-dismissal-approval-owner.ts,efed2c4eaa427f1edcab3761c5a087c70fed3d1a9241b045cbb09a493841d6fe,protocol-fixture,packages/protocol-fixtures/src/money/legacy-dismissal-approval-owner.ts
apps/mobile/src/money/legacy-dismissal-approval-runtime.ts,b40031c7d340cc9d1d5f7683777c5d39b72c84442511b70b358e130ab08b303a,protocol-fixture,packages/protocol-fixtures/src/money/legacy-dismissal-approval-runtime.ts
apps/mobile/src/money/legacy-dismissal-client.ts,6c4568d7ecbb351c3de216fea2c6bf07b35471712218e132d8d9b98b25987899,protocol-fixture,packages/protocol-fixtures/src/money/legacy-dismissal-client.ts
apps/mobile/src/money/legacy-dismissal-confirmation.ts,f4636fbc9480ed8a6bc308896a5ec8c81046273b216be5246f4574dce2b75c52,protocol-fixture,packages/protocol-fixtures/src/money/legacy-dismissal-confirmation.ts
apps/mobile/src/money/legacy-dismissal-context-client.ts,09691136e070c63e3704538a04ccb5a917041ca59f1913356fa4e91dadc7d4cf,protocol-fixture,packages/protocol-fixtures/src/money/legacy-dismissal-context-client.ts
apps/mobile/src/money/legacy-dismissal-recovery-client.ts,a053c18f7ad28cd2779cbf9f5da267e3392451a40f2176c7b4c1c8bc66cb0b36,protocol-fixture,packages/protocol-fixtures/src/money/legacy-dismissal-recovery-client.ts
apps/mobile/src/money/legacy-dismissal-recovery.tsx,05205a6adc7e1989ba0fa88b36e88c0a4b7338fc0538ea2313f6ead87262f0cc,removed,
apps/mobile/src/money/legacy-dismissal-save-attempt.ts,8b526af09a6520af4cc161bc077721d61200cdb64eec3ed94452d89f36817b05,protocol-fixture,packages/protocol-fixtures/src/money/legacy-dismissal-save-attempt.ts
apps/mobile/src/money/legacy-dismissal-save-operations.ts,d71a9ca4503681744c5a95abbe031b059404e4d4450618cb2883d97152d21a0f,protocol-fixture,packages/protocol-fixtures/src/money/legacy-dismissal-save-operations.ts
apps/mobile/src/money/legacy-dismissal-save-owner.ts,8f303e3ac2b813ee453375c5729c2d78ad5d0cd75f39b5d13bd2f8187f7063d6,removed,
apps/mobile/src/money/legacy-dismissal-save-runtime.ts,53a7594895dc8cba070eb91ec9c303d063a8dd8b7931f59bdfc8d48b4fde4597,protocol-fixture,packages/protocol-fixtures/src/money/legacy-dismissal-save-runtime.ts
apps/mobile/src/money/legacy-draft-client.ts,204cbf54e4a5128a8ad2b5c87860f73c1a9add13017e3daed2fc7f9edaa756ee,protocol-fixture,packages/protocol-fixtures/src/money/legacy-draft-client.ts
apps/mobile/src/money/legacy-draft-content.tsx,77a488ce62e695c010c247ff999ea91c59bf938abb0b277c332a20e6fa6953b5,removed,
apps/mobile/src/money/legacy-draft-context-client.ts,649bc30aaaf0a9dfbcafe2a523afcd2bcf237b391d15f6f81107d9ef3283f810,protocol-fixture,packages/protocol-fixtures/src/money/legacy-draft-context-client.ts
apps/mobile/src/money/legacy-draft-display.ts,0c169804406104fef8ff32763f14a86c5cc339b8d98775ab59d6f027daac317c,protocol-fixture,packages/protocol-fixtures/src/money/legacy-draft-display.ts
apps/mobile/src/money/legacy-recurring-client.ts,d1e1073fbdb561013e07f185b9ed3c511ac09fc37972d987504bb98446211741,protocol-fixture,packages/protocol-fixtures/src/money/legacy-recurring-client.ts
apps/mobile/src/money/legacy-recurring-content.tsx,dfd2c230293e779a9322e3a3ecb59f01c9e452bc3f9ebfdeb3545401e84798f2,removed,
apps/mobile/src/money/legacy-recurring-display.ts,37e28c67817aadb090bea192937ce3b8bfb8503d1070d520e20916ae05571d2f,protocol-fixture,packages/protocol-fixtures/src/money/legacy-recurring-display.ts
apps/mobile/src/money/overview-content.tsx,bdc2285bc548f96b9f38db402f16e46b0146fda428b0340337da01957d081e0c,removed,
apps/mobile/src/money/pending-approval-client.ts,78f8e01ed38e60b192c9bc25389af2519546d1c71663424918fefc79decddd61,protocol-fixture,packages/protocol-fixtures/src/money/pending-approval-client.ts
apps/mobile/src/money/pending-approval-link.ts,f563a888f38939d3aa83bc8931cee098eb66fc707fefc0e57371b796dd7f8659,removed,
apps/mobile/src/money/pending-approval-operations.ts,90f3b8a1da99ff929cb4b5528d6c84738726150a4f228ff64420376d599387cb,protocol-fixture,packages/protocol-fixtures/src/money/pending-approval-operations.ts
apps/mobile/src/money/pending-approval-owner.ts,c573823caebbbe4732508677e8ac821691e84b0c91f22afd95d479e7b2793f1f,removed,
apps/mobile/src/money/pending-approval-runtime.ts,900137bce8373b43a909895d6052e69cd367e4b7b06a279a32a19099b3d8dd92,protocol-fixture,packages/protocol-fixtures/src/money/pending-approval-runtime.ts
apps/mobile/src/money/read-operations.ts,e1a436ec16f261a48e15953f80f191745426fc4a62f816cf8f1638a0e5e55d09,protocol-fixture,packages/protocol-fixtures/src/money/read-operations.ts
apps/mobile/src/money/read-owner.ts,c75738b9dd99626932cb91b5be7b05dbd1b0521ec686c1fffaba64483eac35d9,protocol-fixture,packages/protocol-fixtures/src/money/read-owner.ts
apps/mobile/src/money/read-runtime.ts,9b3368accaa04638940f05de51dd1856b867f4f81bf940c3a28e3de011080913,protocol-fixture,packages/protocol-fixtures/src/money/read-runtime.ts
apps/mobile/src/money/read-status.tsx,5a641fd11ec33989c03dc2936c7dbeb2c011b32a2720b31d0426adce0fd771fd,removed,
apps/mobile/src/money/receipt-attachment-controls.tsx,39eeffc09c3eed5159147e2ebd0d3ebe5872a96d4670c61cb29b7c8f69a9073a,removed,
apps/mobile/src/money/receipt-attachment-operations.ts,3772d90680d4d26fabc3721cc050eb63f2b5757fcf699053199c35a0190c180f,protocol-fixture,packages/protocol-fixtures/src/money/receipt-attachment-operations.ts
apps/mobile/src/money/receipt-attachment-runtime.ts,7895cc1c6d77b05b8109f0173e005a633b58c1913dbbb5949d5b8269f44dfc9a,protocol-fixture,packages/protocol-fixtures/src/money/receipt-attachment-runtime.ts
apps/mobile/src/money/receipt-cleanup-client.ts,0b70e480bdd0c2201c330d0062fc09e2dd006b243928ebcb9e38582cbfc174c9,protocol-fixture,packages/protocol-fixtures/src/money/receipt-cleanup-client.ts
apps/mobile/src/money/receipt-client.ts,27f8adabe20c5ad2e7f2578ca49de5a0d64947814be2c73cc3c93451489b0445,protocol-fixture,packages/protocol-fixtures/src/money/receipt-client.ts
apps/mobile/src/money/receipt-draft.ts,0a8c22d355f31029579872f08c8a2ee5a8b860647763462920192ac465780dba,protocol-fixture,packages/protocol-fixtures/src/money/receipt-draft.ts
apps/mobile/src/money/receipt-recovery-content.tsx,0578708a77cdaf421f775300fd974e3826ae504548fccb69ddd40348bd458046,removed,
apps/mobile/src/money/receipt-recovery-operations.ts,09d45eda42babe17b7c4a2977499f21dccf6acf1fc5c1c12c4912e8dc84b0e00,protocol-fixture,packages/protocol-fixtures/src/money/receipt-recovery-operations.ts
apps/mobile/src/money/receipt-recovery-owner.ts,016efd773b9123d57d501a9aab0b9c4246e1715ec881e7a811a37ab417ac26f1,protocol-fixture,packages/protocol-fixtures/src/money/receipt-recovery-owner.ts
apps/mobile/src/money/receipt-recovery-runtime.ts,14e85f99845bb40ccfa847ac6a21b16e0df9d5ca7d985ea891f27b332c2de82e,protocol-fixture,packages/protocol-fixtures/src/money/receipt-recovery-runtime.ts
apps/mobile/src/money/receipt-removal.ts,7fb13fc7442477c828bc7952580dd1fedae4422487220981abf5865414eec45a,protocol-fixture,packages/protocol-fixtures/src/money/receipt-removal.ts
apps/mobile/src/money/receipt-selection-native.ts,9091d8c10b2ab32a8d91d8c5e01c7b36f343fbdd7c5189f076e21947bd2ba3bb,removed,
apps/mobile/src/money/receipt-selection.ts,bb9dac905594695e9c4df536c0189d52ab40a41508061e2856ee9c5f155b3aaa,protocol-fixture,packages/protocol-fixtures/src/money/receipt-selection.ts
apps/mobile/src/money/receipt-upload-client.ts,f8f3cc12c84ba382cd27cffaac89566af76ff83513313f817fb457231a864bb2,protocol-fixture,packages/protocol-fixtures/src/money/receipt-upload-client.ts
apps/mobile/src/money/receipt-upload-native.ts,ba82c3009634255bdc91231b4935b30fe5163809fa185d4ea2db26305328f869,removed,
apps/mobile/src/money/receipt-view-content.tsx,078b7753a13731dfb49ba38f3c952f447e1f263242e7b589db7dd5f3b2e3462d,removed,
apps/mobile/src/money/receipt-view-operations.ts,6209a3844796b166db8098df2d5f72003f333f989b939b988d1e563cd1e5597b,protocol-fixture,packages/protocol-fixtures/src/money/receipt-view-operations.ts
apps/mobile/src/money/receipt-view-owner.ts,34dcff4e2249228c5cc48805feebfb4c0f28b54c86c721d834deeb11eec6b3af,protocol-fixture,packages/protocol-fixtures/src/money/receipt-view-owner.ts
apps/mobile/src/money/receipt-view-runtime.ts,c24de88d4a3b19334eb4a74ecf975c6afc19747cfa868f74c89f08ed09865e64,protocol-fixture,packages/protocol-fixtures/src/money/receipt-view-runtime.ts
apps/mobile/src/money/recurring-approval-attempt.ts,ab6825a28e514981765cb28756da287f858c1c818f17e2a461c41788e58b8c2b,protocol-fixture,packages/protocol-fixtures/src/money/recurring-approval-attempt.ts
apps/mobile/src/money/recurring-approval-client.ts,50f42cc83d1ab91f72574f91bcf019fe24556114d853514b758a37404fe5e153,protocol-fixture,packages/protocol-fixtures/src/money/recurring-approval-client.ts
apps/mobile/src/money/recurring-approval-content.tsx,dff257acefd31d9606f634265e81731ee625eb867fdcd07d420441f363edb1ad,removed,
apps/mobile/src/money/recurring-approval-display.ts,eb00c5351b18e5fc824a26b2aa332a61973cc6a6195daa7981f460a83d1aff02,protocol-fixture,packages/protocol-fixtures/src/money/recurring-approval-display.ts
apps/mobile/src/money/recurring-approval-operations.ts,d7acab2b54e495fb3095707096228bf233f1941ed2313d0776dceb45a0dac498,protocol-fixture,packages/protocol-fixtures/src/money/recurring-approval-operations.ts
apps/mobile/src/money/recurring-approval-owner.ts,f0ca0236fb15d17df01e3cb8495b99ab143ca8e42b4b61582df8d4edafbbd2ef,protocol-fixture,packages/protocol-fixtures/src/money/recurring-approval-owner.ts
apps/mobile/src/money/recurring-approval-runtime.ts,32e935da52e9ceaf8ab23419d4c4c6dc7a46e75f0a676e83d278ae79cb7b31b9,protocol-fixture,packages/protocol-fixtures/src/money/recurring-approval-runtime.ts
apps/mobile/src/money/recurring-client.ts,97ec55ab2b9fd4ae699ce7d739df0393d7ef8d14d452511f975fcc5ac790fbec,protocol-fixture,packages/protocol-fixtures/src/money/recurring-client.ts
apps/mobile/src/money/recurring-confirmation.ts,7ef1a3379ed08198f067e765aa45c9393197e840dd39206b73e71c320fcdb3ae,protocol-fixture,packages/protocol-fixtures/src/money/recurring-confirmation.ts
apps/mobile/src/money/recurring-draft.ts,c343fdaf4eabd2cedf4c610ced122cfc4e2fdf07370a777448b6383ea1967f69,protocol-fixture,packages/protocol-fixtures/src/money/recurring-draft.ts
apps/mobile/src/money/recurring-entry-context.ts,a6b48806e431a3e0c57752d5b0d650312f4f97e91b1a58efea6e7bb21d43fee3,protocol-fixture,packages/protocol-fixtures/src/money/recurring-entry-context.ts
apps/mobile/src/money/recurring-fields.tsx,325f604193c55833daa23b9ad3f514971f97fa04048df8409b356280a473050a,removed,
apps/mobile/src/money/recurring-history-client.ts,a7961b9714c9815b15afc6f0f407d69827b6744c31b49c6e7cdf4fe0958c4948,protocol-fixture,packages/protocol-fixtures/src/money/recurring-history-client.ts
apps/mobile/src/money/recurring-history-content.tsx,eaf1f2e0f716c5483c5162329ded952a9b647c038cfea611c315a8ea08467e77,removed,
apps/mobile/src/money/recurring-history-display.ts,8c378bf0fb2524295a702a4b65ce4c4b7cc43e4ddf3828e8bf19b957db0bcc05,protocol-fixture,packages/protocol-fixtures/src/money/recurring-history-display.ts
apps/mobile/src/money/recurring-lifecycle-approval.ts,4dd69c7515e1f0868e8a3267a0b6622cf78d6d5a877644f7300795b44fa1253e,protocol-fixture,packages/protocol-fixtures/src/money/recurring-lifecycle-approval.ts
apps/mobile/src/money/recurring-manual-actions.tsx,70161077c108e72152a32532917a8230f34af840ed05b9a82fa25fd241fdaffe,removed,
apps/mobile/src/money/recurring-manual-approval-client.ts,b0d69df38ff776136d03d049222e50736f939a79301b579049027256576ce088,protocol-fixture,packages/protocol-fixtures/src/money/recurring-manual-approval-client.ts
apps/mobile/src/money/recurring-manual-approval-content.tsx,9f6396b415c74fc0c6c10d05fe85800dd763a69efff0a584d4824c8309f3830f,removed,
apps/mobile/src/money/recurring-manual-approval-display.ts,7097c01579e05a0824c6adad743040033e6d9505b2e617a259841dfc9899c2ff,protocol-fixture,packages/protocol-fixtures/src/money/recurring-manual-approval-display.ts
apps/mobile/src/money/recurring-manual-approval-operations.ts,d398ca8433b02fc5d2c3f429815a81f2b5a07017e225c2e3d8e61e7ef69634bd,protocol-fixture,packages/protocol-fixtures/src/money/recurring-manual-approval-operations.ts
apps/mobile/src/money/recurring-manual-approval-owner.ts,66a6d27c0f797c7efdb7766572893997873de552ba3a77045bbd1fa20c6297f1,protocol-fixture,packages/protocol-fixtures/src/money/recurring-manual-approval-owner.ts
apps/mobile/src/money/recurring-manual-approval-runtime.ts,9d6aef1e901554cfc4134b0eb7967ecbff6f15fa93a390684a95741416faf280,protocol-fixture,packages/protocol-fixtures/src/money/recurring-manual-approval-runtime.ts
apps/mobile/src/money/recurring-manual-client.ts,3743928aee6fdf915ad9d3f0209be9be0103daeef630fc03f724fb87d72acacb,protocol-fixture,packages/protocol-fixtures/src/money/recurring-manual-client.ts
apps/mobile/src/money/recurring-manual-confirmation.ts,0c3eb9a90ed4a93825a70bf598373ba29295affe8486c1040af8c9d0cc1dd1a4,protocol-fixture,packages/protocol-fixtures/src/money/recurring-manual-confirmation.ts
apps/mobile/src/money/recurring-manual-context-client.ts,ab706428a4ec85cef69e51ecf5d89e8f954b7e0846e99a7b712ca846cd699aeb,protocol-fixture,packages/protocol-fixtures/src/money/recurring-manual-context-client.ts
apps/mobile/src/money/recurring-manual-picker.tsx,414e661924b4df7a3c9daba67d5d93ee981b8f2f80de0ab3c78cbb5f24cc137f,removed,
apps/mobile/src/money/recurring-manual-recovery-client.ts,f8f436d46f44cd7b3fdf7848c9b8c4ee61a6bb74ede042e6f3478f51e460341c,protocol-fixture,packages/protocol-fixtures/src/money/recurring-manual-recovery-client.ts
apps/mobile/src/money/recurring-manual-recovery.tsx,625e876a54b1f34c86b1e164bb0dc4a1439d89ecccde9045b8fe43066eb2dc0b,removed,
apps/mobile/src/money/recurring-manual-save-attempt.ts,2ff7721c94a62269f58a8c6e39fc12fa7088eb09a8c29e75296ad04c22230a03,protocol-fixture,packages/protocol-fixtures/src/money/recurring-manual-save-attempt.ts
apps/mobile/src/money/recurring-manual-save-operations.ts,96b25d3f35f3e10d99493311b93e36b8b4d407be03c8a24f6b223d678017f667,protocol-fixture,packages/protocol-fixtures/src/money/recurring-manual-save-operations.ts
apps/mobile/src/money/recurring-manual-save-owner.ts,34981d55ffafdc594a2849dab9077e4e7d0b2c5c1dd8b7005796130176b54159,removed,
apps/mobile/src/money/recurring-manual-save-runtime.ts,d2ed62dca3abbc5fe3c361098d05a6e1e40a6deb3532197f6f6b309f33609cff,protocol-fixture,packages/protocol-fixtures/src/money/recurring-manual-save-runtime.ts
apps/mobile/src/money/recurring-read-content.tsx,6cd83124d4fce24422d9a45637c83bbbc68a1b527e01f326678bde2f186192cd,removed,
apps/mobile/src/money/recurring-read-operations.ts,69aa042e6156dfe034ac670207085f7dfcf0a7f66b46c471f7a91ca453f4fff0,protocol-fixture,packages/protocol-fixtures/src/money/recurring-read-operations.ts
apps/mobile/src/money/recurring-read-owner.ts,afacd8eecab52d6257790c9f8638e743dbc7f4db4ae5840fa6c7f363d2b16465,protocol-fixture,packages/protocol-fixtures/src/money/recurring-read-owner.ts
apps/mobile/src/money/recurring-read-runtime.ts,3282f8cd579758f64b0cb923c577e59047ca6054c1b55c0b2fd9c274271b1a26,protocol-fixture,packages/protocol-fixtures/src/money/recurring-read-runtime.ts
apps/mobile/src/money/recurring-recovery-client.ts,add07fcfa22decbeeade71cdfaccf73df857b3ce4087ade0be4e19c825ddc555,protocol-fixture,packages/protocol-fixtures/src/money/recurring-recovery-client.ts
apps/mobile/src/money/recurring-resume-approval-client.ts,8724d86d38e6bc3df9310957fd15a115d00b20e549e5f4a1f97717ee3c60c012,protocol-fixture,packages/protocol-fixtures/src/money/recurring-resume-approval-client.ts
apps/mobile/src/money/recurring-resume-approval-display.ts,b121420f168377a8cabb7b82f3b5a4a565e43b7cc2fb8a9e47d25a226f572df0,protocol-fixture,packages/protocol-fixtures/src/money/recurring-resume-approval-display.ts
apps/mobile/src/money/recurring-resume-client.ts,c372d71ac0bb439968f405bc287ac080cda39a99c6cddfabfd3637e1a33e4562,protocol-fixture,packages/protocol-fixtures/src/money/recurring-resume-client.ts
apps/mobile/src/money/recurring-resume-confirmation.ts,e39c746bd0a40ebf9dcf1c86cef8f45363eec7eafdfe1f89b35c80e51686abb5,protocol-fixture,packages/protocol-fixtures/src/money/recurring-resume-confirmation.ts
apps/mobile/src/money/recurring-resume-control.tsx,e0a339d01bc7d78c0f3499a3ad549ed85d18bbdde6ecb945fdc0dc600b4bc3be,removed,
apps/mobile/src/money/recurring-resume-recovery-client.ts,5448be5266c370cc249bb2687dfb5f63b157460285c2e1508c6ebd506cbd9e8f,protocol-fixture,packages/protocol-fixtures/src/money/recurring-resume-recovery-client.ts
apps/mobile/src/money/recurring-resume-review.ts,6b393444651f06289e95bf4edcab8845e3e8d514d85390fa1516d71ab62bbf98,protocol-fixture,packages/protocol-fixtures/src/money/recurring-resume-review.ts
apps/mobile/src/money/recurring-save-attempt.ts,45c9a6acc0b5e6e590b1ed12113b9296591d9bc7a603c853102ca2c7af08b327,protocol-fixture,packages/protocol-fixtures/src/money/recurring-save-attempt.ts
apps/mobile/src/money/recurring-save-operations.ts,4de6f828f40814bef80a1d8e8a4d9abeb7c9f856db81299d7d98e2ecbbf54244,protocol-fixture,packages/protocol-fixtures/src/money/recurring-save-operations.ts
apps/mobile/src/money/recurring-save-owner.ts,02de00b301c7e8911ca2b56cc359a781ea1058a8ed5c820233a9ec262faa78c2,protocol-fixture,packages/protocol-fixtures/src/money/recurring-save-owner.ts
apps/mobile/src/money/recurring-save-runtime.ts,ab834c5de6613db4ed1376ae8c4a7af2e54489a56bec8f411d8754e8603f32c7,protocol-fixture,packages/protocol-fixtures/src/money/recurring-save-runtime.ts
apps/mobile/src/money/recurring-save-status.tsx,3db253ad9336c28288f96d84046063357c6d9c5c38c40c9267aed772b46c64d5,removed,
apps/mobile/src/money/recurring-state-approval-attempt.ts,12dc2f630247f9e1803e82ef7de3c06feaa1672e443dd357313fb968eb022f57,protocol-fixture,packages/protocol-fixtures/src/money/recurring-state-approval-attempt.ts
apps/mobile/src/money/recurring-state-approval-client.ts,e7eed93818e7a79001aa7d4a961510312c5d97e125a2179d5109eee496ab1c9b,protocol-fixture,packages/protocol-fixtures/src/money/recurring-state-approval-client.ts
apps/mobile/src/money/recurring-state-approval-content.tsx,c82fe0f8ab0801470ceb389556d7779f86f3c60503bf7ac39e9a8bc77ce32c7d,removed,
apps/mobile/src/money/recurring-state-approval-display.ts,b2c23819ad525a6b9b216e87ea1a4297bbf7ac1bf94838e86f0ab967eeb08d02,protocol-fixture,packages/protocol-fixtures/src/money/recurring-state-approval-display.ts
apps/mobile/src/money/recurring-state-approval-operations.ts,8cc515eb3e291bfbe0c911d800b98876979ef35aff911adbf765facbecae592c,protocol-fixture,packages/protocol-fixtures/src/money/recurring-state-approval-operations.ts
apps/mobile/src/money/recurring-state-approval-owner.ts,a5ee0336c88f77a75f495db70409da31bae4ac0f8a063d270e466a894c3d1d08,protocol-fixture,packages/protocol-fixtures/src/money/recurring-state-approval-owner.ts
apps/mobile/src/money/recurring-state-approval-runtime.ts,28c500917b4a665d65cec537170052a55aa4af557257597e0446ddb7fbe9897a,protocol-fixture,packages/protocol-fixtures/src/money/recurring-state-approval-runtime.ts
apps/mobile/src/money/recurring-state-client.ts,5fa8c5b1dadfa31060d6be412d648b686206723f0de8b1d43b35f534d8fbe823,protocol-fixture,packages/protocol-fixtures/src/money/recurring-state-client.ts
apps/mobile/src/money/recurring-state-confirmation.ts,10c9ad4c83937a0536a6c342407457a4a0cd03183940a9b5effacacc546fb73e,protocol-fixture,packages/protocol-fixtures/src/money/recurring-state-confirmation.ts
apps/mobile/src/money/recurring-state-content.tsx,1580b1822d15e0088d1ca85524afeac2946ffb65a6fdc39081c64b977fa7fc5c,removed,
apps/mobile/src/money/recurring-state-recovery-client.ts,6330d4a815a29eafd23d13781f1bd2476b835f64aa4b03db84421723c89d83ea,protocol-fixture,packages/protocol-fixtures/src/money/recurring-state-recovery-client.ts
apps/mobile/src/money/recurring-state-save-attempt.ts,3b251ced12682a9b2f44833c97c24c3a48a81df0f544292017bb1a442614e8a3,protocol-fixture,packages/protocol-fixtures/src/money/recurring-state-save-attempt.ts
apps/mobile/src/money/recurring-state-save-operations.ts,4be41f229baa3744f7f6368ee11f36dda76f714cd1961ec1fd5a6210cf4afe8d,protocol-fixture,packages/protocol-fixtures/src/money/recurring-state-save-operations.ts
apps/mobile/src/money/recurring-state-save-owner.ts,120c281f87ae1e6dbf500257351a26f60ca574f03a2fe36873786142341b4532,protocol-fixture,packages/protocol-fixtures/src/money/recurring-state-save-owner.ts
apps/mobile/src/money/recurring-state-save-runtime.ts,052f8374315decef39ce8e2d6c564f5db4dd481e6205337ba014968b175b380d,protocol-fixture,packages/protocol-fixtures/src/money/recurring-state-save-runtime.ts
apps/mobile/src/money/recurring-state-summary.ts,205e9ae229f2a5584e6811b4761b84b2ff7c18f3586c3ee76305be4c9b90382a,protocol-fixture,packages/protocol-fixtures/src/money/recurring-state-summary.ts
apps/mobile/src/money/recurring-variable-approval-client.ts,12a21c8ca32437ad2bca1fddadb52ba3bc57a6db5168f16a32c1aac7fb7110f4,protocol-fixture,packages/protocol-fixtures/src/money/recurring-variable-approval-client.ts
apps/mobile/src/money/recurring-variable-approval-content.tsx,59a133e500ec4ec25ecd9bde8fa013266a55de0e885f1602f96b9fb8177c2957,removed,
apps/mobile/src/money/recurring-variable-approval-display.ts,a05e427db90a14b385e8c3351bf25c8ba948864800846fef3ae6774da412398e,protocol-fixture,packages/protocol-fixtures/src/money/recurring-variable-approval-display.ts
apps/mobile/src/money/recurring-variable-approval-operations.ts,d33cbecb39bf33296ed9cc9603237ee04ae2c435af82c2da3b3f51c12bb908ae,protocol-fixture,packages/protocol-fixtures/src/money/recurring-variable-approval-operations.ts
apps/mobile/src/money/recurring-variable-approval-owner.ts,e2e9a2e8111763139e792970641c26fcf1d54a6dd5b90bb79845395683689564,protocol-fixture,packages/protocol-fixtures/src/money/recurring-variable-approval-owner.ts
apps/mobile/src/money/recurring-variable-approval-runtime.ts,055bbafa445a610e8e5fa773c45220000745881484ef3f7bb995a66a371803ed,protocol-fixture,packages/protocol-fixtures/src/money/recurring-variable-approval-runtime.ts
apps/mobile/src/money/recurring-variable-client.ts,df5f56ec0f1d25347a84de1a07c3ae22d3f6000f9feab770c653014831a4c783,protocol-fixture,packages/protocol-fixtures/src/money/recurring-variable-client.ts
apps/mobile/src/money/recurring-variable-confirmation.ts,f68d36e1dcf56fe9fa136605b6bf62e53e714f265856a2bdabf11d7d450eafae,protocol-fixture,packages/protocol-fixtures/src/money/recurring-variable-confirmation.ts
apps/mobile/src/money/recurring-variable-draft.ts,7342eb6aa2098f930dea1de4985dbd6d8c419645257cf8d4b7cef628a33737ac,protocol-fixture,packages/protocol-fixtures/src/money/recurring-variable-draft.ts
apps/mobile/src/money/recurring-variable-fields.tsx,540facc06e524c8644e740cf356afef9ee460275f78c92c3509545991eff16b1,removed,
apps/mobile/src/money/recurring-variable-recovery-client.ts,32eeacb57ce815021d7c514769a768cf6530a5432e19cad8f2f3ddfdb646660c,protocol-fixture,packages/protocol-fixtures/src/money/recurring-variable-recovery-client.ts
apps/mobile/src/money/recurring-variable-recovery.tsx,da1439779727d0a024ec5b23444926987a1687eb3f55d8c7e059046cdd42055e,removed,
apps/mobile/src/money/recurring-variable-save-attempt.ts,3bdfc17dcd27270bf77f6192834076e2eac38d832188a4ab9bc6a7b1bfe494ee,protocol-fixture,packages/protocol-fixtures/src/money/recurring-variable-save-attempt.ts
apps/mobile/src/money/recurring-variable-save-operations.ts,02e5821d42a44eae691f61dc73859fcba526840e173f20778dbedad5cafe9052,protocol-fixture,packages/protocol-fixtures/src/money/recurring-variable-save-operations.ts
apps/mobile/src/money/recurring-variable-save-owner.ts,074f1b6786df75bbb588ffc81ac121d0d136a9b9c998a4d6fa44445523356700,removed,
apps/mobile/src/money/recurring-variable-save-runtime.ts,0e07175b1bdecb5e9c4150b4be04170fda01972219cdc043d18c35ab7c151635,protocol-fixture,packages/protocol-fixtures/src/money/recurring-variable-save-runtime.ts
apps/mobile/src/money/refund-approval-attempt.ts,e4b82f2430b53f611230217e450545774a636bcccd1f6d630583559483bcbd05,protocol-fixture,packages/protocol-fixtures/src/money/refund-approval-attempt.ts
apps/mobile/src/money/refund-approval-client.ts,e74cd5ad68073013a95ee108f896b2c79c9c626eaba8340309697600120d11fb,protocol-fixture,packages/protocol-fixtures/src/money/refund-approval-client.ts
apps/mobile/src/money/refund-approval-content.tsx,1daa020a9d42f484ee7e5365aa21b9d1506d6733cb50a3ca00fed06e9a0c5316,removed,
apps/mobile/src/money/refund-approval-display.ts,41d409776c50d78047946a1af93cf57f314f95f6ef1cb0ec42d1130730343e8c,protocol-fixture,packages/protocol-fixtures/src/money/refund-approval-display.ts
apps/mobile/src/money/refund-approval-operations.ts,92d7ee1776458ae59e297984d5f5c18f9847cef06566e5facfd8f0c370a81190,protocol-fixture,packages/protocol-fixtures/src/money/refund-approval-operations.ts
apps/mobile/src/money/refund-approval-owner.ts,8bbaf13de8708166fead754bd3ec4e572f1b434df087f6aa3fe96f2b7c78a863,protocol-fixture,packages/protocol-fixtures/src/money/refund-approval-owner.ts
apps/mobile/src/money/refund-approval-runtime.ts,be7f1e1468f16b4ea47f8074dede418539b85b89684747a7e5b320a7c46ef80a,protocol-fixture,packages/protocol-fixtures/src/money/refund-approval-runtime.ts
apps/mobile/src/money/refund-client.ts,09f89f425c0aa7d5a6fb04f3db100aa4fcd142ce92da8d38901774d5129a86ad,protocol-fixture,packages/protocol-fixtures/src/money/refund-client.ts
apps/mobile/src/money/refund-draft.ts,64fba91556d3a7d804f23fcf2c4cdd740c8de12d3f1935e6a2e25955549277e4,protocol-fixture,packages/protocol-fixtures/src/money/refund-draft.ts
apps/mobile/src/money/refund-entry-options.ts,d3a91f5d3e3d30a50376b824653ec8fc8f7841e74448b92c0e4a227bde8bfbda,protocol-fixture,packages/protocol-fixtures/src/money/refund-entry-options.ts
apps/mobile/src/money/refund-fields.tsx,f9cfcfa747d65c7c75a0f603f4671ab4fbd3259c92f1fd606e702354e0315baf,removed,
apps/mobile/src/money/refund-leave.ts,fdd01fa15ee68e3dd9e4bb6fc8653773e910386bbd5541424db1cc0f565b20c0,protocol-fixture,packages/protocol-fixtures/src/money/refund-leave.ts
apps/mobile/src/money/refund-save-attempt.ts,b5d6226020f9aacf334d68ea3e383a42eba0a2f13305e7309eb30f615e8142cd,protocol-fixture,packages/protocol-fixtures/src/money/refund-save-attempt.ts
apps/mobile/src/money/refund-save-operations.ts,0d1ad67cc59a94debc443fe15e25957050c3339f8408ee2bf1b3c02dfd878c39,protocol-fixture,packages/protocol-fixtures/src/money/refund-save-operations.ts
apps/mobile/src/money/refund-save-owner.ts,dc2236bdaee8c8d68c83bed509c9ef0510fdefa596947ab1c933e346777820f6,protocol-fixture,packages/protocol-fixtures/src/money/refund-save-owner.ts
apps/mobile/src/money/refund-save-runtime.ts,74328eb9e5da0252ecf82a16402aa08704e41ef4507b080490343c42a5914198,protocol-fixture,packages/protocol-fixtures/src/money/refund-save-runtime.ts
apps/mobile/src/money/refund-save-status.tsx,77d4fb8ae3ca5b4f0eff4a1881e0697c736b202425015343c97d83662d6d3943,removed,
apps/mobile/src/money/save-attempt.ts,43dd1cb24d006d519fc7356d8bee4850f26a15ef281a6f5b924dd61f95aec9a8,protocol-fixture,packages/protocol-fixtures/src/money/save-attempt.ts
apps/mobile/src/money/save-operations.ts,ffcc0ddcf9599dc642165d1a32e52ea6ad15dfe2109a0d44dda2e2f5d305bc27,protocol-fixture,packages/protocol-fixtures/src/money/save-operations.ts
apps/mobile/src/money/save-owner.ts,92deabac68a8e8abf93cf619443de1ba9185173737454a51ea50e2a817747b56,protocol-fixture,packages/protocol-fixtures/src/money/save-owner.ts
apps/mobile/src/money/save-runtime.ts,4b20a3385f602cbe87bd1323be8ea63d8987a2810e27b23c5e2be20266303467,protocol-fixture,packages/protocol-fixtures/src/money/save-runtime.ts
apps/mobile/src/money/save-status.tsx,0c0e9ac436b18907b7a281b62618feec36dc407959f9513f51e4de2605abc8f6,removed,
apps/mobile/src/money/screen-gate.tsx,7ef18f1cd087a1843e42a0ded0f29d820e44a381ec2adc1597250cf179b6f0d5,removed,
apps/mobile/src/money/settlement-approval-attempt.ts,7160d516392b5afffd408a679407ff06371504c8c608ef098054115f97215925,protocol-fixture,packages/protocol-fixtures/src/money/settlement-approval-attempt.ts
apps/mobile/src/money/settlement-approval-client.ts,84ac1144c69cf18c82387e1c549b4216a64f497e1bfdebe0ae73bee41780f92e,protocol-fixture,packages/protocol-fixtures/src/money/settlement-approval-client.ts
apps/mobile/src/money/settlement-approval-content.tsx,882048b7ea96130c4c749f9d870e25336bc67ae2d235f3fd5c93baa962a6ed4a,removed,
apps/mobile/src/money/settlement-approval-display.ts,763e408900a05411c32e0b423558bf85bb57841eefb9982e35502a106cca6410,protocol-fixture,packages/protocol-fixtures/src/money/settlement-approval-display.ts
apps/mobile/src/money/settlement-approval-operations.ts,4fa9188764ea53e2e8438bca25ea7667f4ba62324bd0f8c9f9aaed5650b080f7,protocol-fixture,packages/protocol-fixtures/src/money/settlement-approval-operations.ts
apps/mobile/src/money/settlement-approval-owner.ts,a5cc5bfa1e79e9ee63abd8858461f6f417e340cc6f4e5ec9f218d865caf69f89,protocol-fixture,packages/protocol-fixtures/src/money/settlement-approval-owner.ts
apps/mobile/src/money/settlement-approval-runtime.ts,def9dd43e60befd479cf67c97f507edbf2897fac7e33969a8e773b779b73da02,protocol-fixture,packages/protocol-fixtures/src/money/settlement-approval-runtime.ts
apps/mobile/src/money/settlement-client.ts,168f6c6754a8cf6f84c27a3b92fe54d57862c64d35accfad96e2c84ba73a0d67,protocol-fixture,packages/protocol-fixtures/src/money/settlement-client.ts
apps/mobile/src/money/settlement-draft.ts,51dfb3096654da9fe05219a09d70b78237db1fd43bc5cdb5d8011a5241b61309,protocol-fixture,packages/protocol-fixtures/src/money/settlement-draft.ts
apps/mobile/src/money/settlement-entry-options.ts,9851d1b635441abf929aa7d00d8ccd93e4b7227688df3ad2cde7ad2421646ad1,protocol-fixture,packages/protocol-fixtures/src/money/settlement-entry-options.ts
apps/mobile/src/money/settlement-fields.tsx,e1afb171fed336100cad22d0b6a223b803a3fb42eab97928ef52731a6828aaba,removed,
apps/mobile/src/money/settlement-leave.ts,2bc3ab93d25f5fad9f8f64fbcd4eed12405ba3adcdd2cba8d467325d092434df,protocol-fixture,packages/protocol-fixtures/src/money/settlement-leave.ts
apps/mobile/src/money/settlement-save-attempt.ts,f88202ea7708e1b02b60e1c4cf3c45c24ccc0420a9f853f6f83c6238ce1e4978,protocol-fixture,packages/protocol-fixtures/src/money/settlement-save-attempt.ts
apps/mobile/src/money/settlement-save-operations.ts,529822f3cfff8ccac4f24c9b1e2ab0222e5d97b0fc87d1f59967b1cc40b105ad,protocol-fixture,packages/protocol-fixtures/src/money/settlement-save-operations.ts
apps/mobile/src/money/settlement-save-owner.ts,f4b5d7cebd22efc219925a4f45b8d0e6990349eb507a276c985be4c46aa89d2d,protocol-fixture,packages/protocol-fixtures/src/money/settlement-save-owner.ts
apps/mobile/src/money/settlement-save-runtime.ts,ff37a8f158ca8582e9152ba8cde0132d796aa9f933fadc8b1b0d549ea0ba3e4b,protocol-fixture,packages/protocol-fixtures/src/money/settlement-save-runtime.ts
apps/mobile/src/money/settlement-save-status.tsx,44fe1f2b513ca8d360ab58e71aadb2edc7d9bbe9919560bae0128047d4f943d6,removed,
apps/mobile/src/money/use-activity.ts,c95d1782d361709ac011797f391877b9be4e75951951c2cb234992f1d66ea5c7,removed,
apps/mobile/src/money/use-approval-activity.ts,7bc7a51f3be51067bc9f4176cec91f62d9c0d1dc8b08fe85b50380c514a954a9,removed,
apps/mobile/src/money/use-approval-clock.ts,7e07c48218ad6074e986a0f0b08a760aefb032311b6f55fe25aa2027fff09c58,removed,
apps/mobile/src/money/use-correction-approval-activity.ts,a072b995595af78dce592fbd3eabf2b0373c94aba59409b6ebb9cd756df473a2,removed,
apps/mobile/src/money/use-correction-context.ts,6c9f017dd10ff4b6fb367c3f91bf74c14a6b4171e795ed3e332e87165c999d80,removed,
apps/mobile/src/money/use-correction-draft.ts,3892cea915e3e2ffd625cc8d63496ca22ff196a23624b4f115103c9af7ff6ea4,removed,
apps/mobile/src/money/use-correction-fields.ts,843da0b46705b80bb365421989ba63dfeb35a69c3ea50732e0168de4199daf7e,removed,
apps/mobile/src/money/use-due-bills.ts,d33e85a7f37847b922990a67d179912d3293fc21f2dee1ea8e4705173116c81f,removed,
apps/mobile/src/money/use-entry-options.ts,4beb4382129fccbe34b1558bfe1258cc8b1965498c9ecef324bccbec9fd8df50,removed,
apps/mobile/src/money/use-expense-draft.ts,e664498d1195f94d716c6cfbe0cad7dd37b9422b5971a604e9badfb711e27227,removed,
apps/mobile/src/money/use-expense-fields.ts,78b1d8cdf8be33b046a93600e0b027b112e22143f8329cf5ceb0beef7a511ffc,removed,
apps/mobile/src/money/use-leave-correction.ts,934d7dcdc39d53d8fe28071fb4cff55758d489ee96156d742aef67aef95e0f58,removed,
apps/mobile/src/money/use-leave-expense.ts,7883b7bb728c294aa80588e6510edccb41bd4864749119a7777336d0633f8759,removed,
apps/mobile/src/money/use-leave-legacy-adoption.ts,7ee2367e7f80b37f51abde92083f67200385a4b8745a709c4df4bd56cb03a320,removed,
apps/mobile/src/money/use-leave-legacy-confirmation.ts,a8958fc9351ea6576bc9fb6490e697e50e0343f547f39eaf22ad6ebb82599698,removed,
apps/mobile/src/money/use-leave-pending-approval.ts,b3756bba0a23476e95a18ce5073b82fbf6193c333e2112959b647f47f889f7e4,removed,
apps/mobile/src/money/use-leave-refund.ts,77be98c1da2207d872120d01b6f37e4c76bebf0ad52b0ec55debe21368a3eef1,removed,
apps/mobile/src/money/use-leave-settlement.ts,09c10c5acdfa392908ddc01e768fc6a4c7283175992e7ee64641bf4a529ddded,removed,
apps/mobile/src/money/use-leave-variable.ts,b4416fee1ea17a3de011395ff1980c90b10753380d3f86db7a8ba5664096f44c,removed,
apps/mobile/src/money/use-legacy-adoption-baseline.ts,b0f94878ea043f9e9bca4e00eb0f62f02362a981d5234b43cc4fd727946a4457,removed,
apps/mobile/src/money/use-legacy-adoption-draft.ts,301573a9801b6484981e94daf8aa9f03ececc386b1d1c3644f20dcd88c7ccbc7,removed,
apps/mobile/src/money/use-legacy-confirmation-baseline.ts,0bcb9b40a288257f310465956a0efba794573b786aa500cdec5afb951bf8651a,removed,
apps/mobile/src/money/use-legacy-confirmation-draft.ts,2f76ee027fc5da020d1d037b16892e91d64952d35e861daaf13553cc31c0c373,removed,
apps/mobile/src/money/use-receipt-view-activity.ts,0161499eb21d89a3a804788b14f53b480b932c97cef5fe0e6ec2fea21c38b112,removed,
apps/mobile/src/money/use-recurring-context.ts,b0c3b029da3cd444f0450e9e822906572e59b06f91a6ff75945c925c3884ceba,removed,
apps/mobile/src/money/use-recurring-draft.ts,2f7b72913c312f000a37fa9d9ef70ae25528c53cab94c0792211721dc24a8f77,removed,
apps/mobile/src/money/use-recurring-fields.ts,15eae82d21b618024a3a38636593905f132e475be71c2a9953ae411a340ad9f2,removed,
apps/mobile/src/money/use-refund-approval-activity.ts,75dcba36a7db0dc079b9725a396b69adace2fd42f7e8a1d65da22603f48a1c36,removed,
apps/mobile/src/money/use-refund-context.ts,d5e413aaa67e4ed370b4d4703b2a5c17968ae397175b151000d36ca3cd413ae9,removed,
apps/mobile/src/money/use-refund-draft.ts,aa56b3e3b0738a9aedaba1e2dc484c486bbf8fc3a3c9ffbd8aff54d0b2d64b37,removed,
apps/mobile/src/money/use-save-activity.ts,4ad221c2ce9f4a24758034e10a0d0d864adb34323f8eb2f5db5b15d04a0e0d29,removed,
apps/mobile/src/money/use-settlement-approval-activity.ts,52993ee1ca66273be48f499dfcad5be8abbc8f8f8c198decd30013276331081c,removed,
apps/mobile/src/money/use-settlement-balance.ts,af6068c58fd27d9ecfa5ab18d0096bc7fbbea32ddba1e3251ecea637fa924a5d,removed,
apps/mobile/src/money/use-settlement-draft.ts,b1ca2d20570b4045a5db6079f9baf18d96d3b800276c6bffdbae3203f9e43e69,removed,
apps/mobile/src/money/use-variable-amount.ts,ce6d8e30813d0fd1b040d0a65e76f752ff3ca9c7fd9d4201bfeccc9aef5a9f62,removed,
apps/mobile/src/money/variable-leave-policy.ts,29b9c7962a4b57c46ab7c31797986ecf031f1e6ec5756fca2a6ed90534cccd4c,protocol-fixture,packages/protocol-fixtures/src/money/variable-leave-policy.ts
apps/mobile/src/navigation/protected-screens.ts,e981cb925c1603a0d9b59b5aeb8fe3d92ef0f41129e4ce68dc13e1bc114638bb,removed,
apps/mobile/src/notifications/client.ts,816192635f0fe83eb1a72377144969218fdae7f7842306dce500bfd0c3edda44,protocol-fixture,packages/protocol-fixtures/src/notifications/client.ts
apps/mobile/src/notifications/owner.ts,30409eaefbd5a012dee65d00c8cb895b04feeb788297d030c9f5209dbee7ca54,removed,
apps/mobile/src/notifications/runtime.ts,2b7567f145c5d6a77a6a737307c740acf63161efc5ea23ce24328ae561a8dfe7,protocol-fixture,packages/protocol-fixtures/src/notifications/runtime.ts
apps/mobile/src/notifications/summary-client.ts,5ede6a87926caf35efecf0dfd4b29a512782183112bcaaee506ae0926aa5183e,protocol-fixture,packages/protocol-fixtures/src/notifications/summary-client.ts
apps/mobile/src/notifications/summary-content.tsx,fe6e3fe8630ea0d2157417425f1e3f654dff96685d294e90ac4cd4e1fd79ca16,removed,
apps/mobile/src/notifications/summary-operations.ts,229b9246a41a444709a28bea85d712b59fd6dafe99e05146a0f060806177ec95,protocol-fixture,packages/protocol-fixtures/src/notifications/summary-operations.ts
apps/mobile/src/notifications/summary-owner.ts,7d63dd056d4928fa06e144656e75411740f6f9b178252b37eaf2cb1fbe3dc92e,removed,
apps/mobile/src/notifications/summary-runtime.ts,46ba514d9b8bd41c31c5acd9f8e802b0f4ffdf55b1b8eced84c791af5f74d690,protocol-fixture,packages/protocol-fixtures/src/notifications/summary-runtime.ts
apps/mobile/src/notifications/time.ts,aaf238acc47923d6695e2082657f64ee16d1d95737db6bbb1978e94e090077ea,protocol-fixture,packages/protocol-fixtures/src/notifications/time.ts
apps/mobile/src/notifications/use-draft.ts,ffcf0e88cd9b954c4e8c3f7ab05865e5f418da2d8440641d462f3eafd21c4f2d,removed,
apps/mobile/src/offline/README.md,acbe6db76e1c470c2f4a7803feeb1fd18a042813cea637a47a886f19797bd1f0,removed,
apps/mobile/src/offline/account-sync.tsx,9203c2d57d6d80d2abe088a760c9e837b0283ffbbb378b0d80dec5ed7f987bc1,removed,
apps/mobile/src/offline/agenda-selection.ts,beb4ffa199e093ca155c8a3365ca894d2bf85b639727dfa920870be05723bc03,protocol-fixture,packages/protocol-fixtures/src/offline/agenda-selection.ts
apps/mobile/src/offline/calendar-selection.ts,ab12fe1e80eccb619ea7c6d2b136775c2d9f1ed9fdd5b331ec7df6989642db71,protocol-fixture,packages/protocol-fixtures/src/offline/calendar-selection.ts
apps/mobile/src/offline/change-failure.ts,2597a8f4d5946449a0b7c6a27f74c4c6512b6a32291fe099a81f84e64238c7fd,protocol-fixture,packages/protocol-fixtures/src/offline/change-failure.ts
apps/mobile/src/offline/chore-reminder-save-service.ts,e04c246d934aa23ac58bbfbc0898956ddbb22754b2bced3b6c7c576eb9e6dde2,protocol-fixture,packages/protocol-fixtures/src/offline/chore-reminder-save-service.ts
apps/mobile/src/offline/chore-reminder-saves.ts,2fbaaa3030b4d3c0190b5fa54f1ede90d63617a4addf0281e5294420a057853f,protocol-fixture,packages/protocol-fixtures/src/offline/chore-reminder-saves.ts
apps/mobile/src/offline/chore-transfers.ts,1a4dfb437ead4bce150116ce422e511c945da56788d88856fcb36c4feae518d6,protocol-fixture,packages/protocol-fixtures/src/offline/chore-transfers.ts
apps/mobile/src/offline/chores.ts,cbabbe2fcb29c636f8ff63a3a9b8aba496ef82d9cec8e12d2e5ee3f76c98360d,protocol-fixture,packages/protocol-fixtures/src/offline/chores.ts
apps/mobile/src/offline/connectivity-hub.ts,1799e43d562d75ed420da448f56352e49497c4286a4924fa7cdb0962e056907f,protocol-fixture,packages/protocol-fixtures/src/offline/connectivity-hub.ts
apps/mobile/src/offline/contracts.ts,d29a0305f4aa83ca7fa202ba3adbb5eab4891d4445b9c93140ef75d02c826f6e,protocol-fixture,packages/protocol-fixtures/src/offline/contracts.ts
apps/mobile/src/offline/controller-pool.ts,650f6eb7b6e86e624b711ab103c3e02a33067b6fb0445f4832a236cb1c1fbe7a,protocol-fixture,packages/protocol-fixtures/src/offline/controller-pool.ts
apps/mobile/src/offline/correction-approvals.ts,a4b0d6a62374154561c1666e137017a0468bbbc0a6ebaaf692b924c0bf88e51a,protocol-fixture,packages/protocol-fixtures/src/offline/correction-approvals.ts
apps/mobile/src/offline/correction-saves.ts,24a2569628d38948e22fecde307889bcab7f8d164a076afe31423cb4c844e8de,protocol-fixture,packages/protocol-fixtures/src/offline/correction-saves.ts
apps/mobile/src/offline/cutover-response.ts,f0617aace12a4b6d0f32edd3969cc27e03bdb4be985b909e7175af09a6273f7a,protocol-fixture,packages/protocol-fixtures/src/offline/cutover-response.ts
apps/mobile/src/offline/cycle-save-service.ts,815d71aa6b5c45b0fc0b4680f18277e0f43dc5a5f91f75e48634b0855deb9261,protocol-fixture,packages/protocol-fixtures/src/offline/cycle-save-service.ts
apps/mobile/src/offline/database.ts,b5176dfea4faeb54b1c65f6b00fad2a552bc3dac8033da844b221f7ec0bbbe97,protocol-fixture,packages/protocol-fixtures/src/offline/database.ts
apps/mobile/src/offline/expense-approvals.ts,ea2086d3dcaf386fb9b8bb9e2834f155ce5f8ab389730dca5b506cadc5d119e0,protocol-fixture,packages/protocol-fixtures/src/offline/expense-approvals.ts
apps/mobile/src/offline/expense-saves.ts,01b3df21cf3c5ed63db10fdf68cd5c74915a1850406745535895fd1d0ff2b1ed,protocol-fixture,packages/protocol-fixtures/src/offline/expense-saves.ts
apps/mobile/src/offline/expo-database.ts,fec341b11863349113fb2b6e1e042b93925603c9fb5a25657fb6b385e820bb4d,removed,
apps/mobile/src/offline/groceries.ts,dde88671ae50240a80f240e7f371762b91d0b8d52159e61c7c09c96fed51a104,protocol-fixture,packages/protocol-fixtures/src/offline/groceries.ts
apps/mobile/src/offline/grocery-edit.ts,3bfc82f7be2b7bf10894b6d83a7a6e8dda307968bfb33eafff5b4dbe236075da,protocol-fixture,packages/protocol-fixtures/src/offline/grocery-edit.ts
apps/mobile/src/offline/grocery-reminder-save-service.ts,380b6300b9188950e5655f3e92182f7c8525c90aad318c71994ac93918ce7e23,protocol-fixture,packages/protocol-fixtures/src/offline/grocery-reminder-save-service.ts
apps/mobile/src/offline/grocery-reminder-saves.ts,69958809b31a8a60f4c0967565ba13d943e25d57505741ee7409c9d22b9d36c8,protocol-fixture,packages/protocol-fixtures/src/offline/grocery-reminder-saves.ts
apps/mobile/src/offline/journal.ts,2297bf8cc49bceee4282c27e151b09c9e4441007bae3393b719d68fa754c150c,protocol-fixture,packages/protocol-fixtures/src/offline/journal.ts
apps/mobile/src/offline/legacy-adoption-saves.ts,fbb737032f808cfbd7bdba67faf9f108a8447cdaec054f52eba9ac0bb482e42d,protocol-fixture,packages/protocol-fixtures/src/offline/legacy-adoption-saves.ts
apps/mobile/src/offline/legacy-confirmation-saves.ts,3c97aae31c42b4a7215691abbb0dd8e73cf197913b7deb17b3b964680be20aa6,protocol-fixture,packages/protocol-fixtures/src/offline/legacy-confirmation-saves.ts
apps/mobile/src/offline/legacy-dismissal-saves.ts,b6bee2a993185e04687b34ef278690c4208baee0355c525ec531d2675528d313,protocol-fixture,packages/protocol-fixtures/src/offline/legacy-dismissal-saves.ts
apps/mobile/src/offline/manual-cycle-saves.ts,8ce0d2e963a3c4a8b9f2ce789984aa58b284b980abbc5aaf629f85bc707a495c,protocol-fixture,packages/protocol-fixtures/src/offline/manual-cycle-saves.ts
apps/mobile/src/offline/meal-ingredients.ts,d6ddd9aa85661d37bee425a32ca62702403d607b61a09809f5b370e02e2fa512,protocol-fixture,packages/protocol-fixtures/src/offline/meal-ingredients.ts
apps/mobile/src/offline/meal-proposals.ts,2427ed92957c9ac48010f8365f6677a76e3ed47f30c50d7728f0e7e617f0d2d9,protocol-fixture,packages/protocol-fixtures/src/offline/meal-proposals.ts
apps/mobile/src/offline/meal-reminder-save-service.ts,f3e086691f8f76d55748713a0bc5c7b6192952b500f0490c531b0217bd07fead,protocol-fixture,packages/protocol-fixtures/src/offline/meal-reminder-save-service.ts
apps/mobile/src/offline/meal-reminder-saves.ts,ffc27d111cfa1fccb06b9c97c4aa447a026dbab38ce46d527c80e5b3381f202e,protocol-fixture,packages/protocol-fixtures/src/offline/meal-reminder-saves.ts
apps/mobile/src/offline/meal-weeks.ts,353f45f66f68b87133b33981423ba0cb0cf25b9ba7e29ae832295abad619886b,protocol-fixture,packages/protocol-fixtures/src/offline/meal-weeks.ts
apps/mobile/src/offline/money-contract.ts,cad363959386c4205bf01cf25a8c4c84d01b8a005a0bd6a0c3ad1c4159d3370b,protocol-fixture,packages/protocol-fixtures/src/offline/money-contract.ts
apps/mobile/src/offline/money-reads.ts,cf806a755687c473258f77dd5d10c511fa2602554dc63d6928bb1fd08ae0cfa6,protocol-fixture,packages/protocol-fixtures/src/offline/money-reads.ts
apps/mobile/src/offline/network.ts,d7723bccce570d762b474e18f0b16d032e99305e4713c5bb2056791ce55241f7,removed,
apps/mobile/src/offline/owner.ts,6ae36d9ff37bd0b5658a49f5db8647a123ff4294ce45f4a4dae9915dd28bc567,protocol-fixture,packages/protocol-fixtures/src/offline/owner.ts
apps/mobile/src/offline/planned-recipes.ts,481908b9d283373fb34607ed95951f3f1288d467751a630a8d48119c5bb02cac,protocol-fixture,packages/protocol-fixtures/src/offline/planned-recipes.ts
apps/mobile/src/offline/provider.tsx,2f65776341419c6228183ee8cad8051a01c53ed6ade41906f0e6cfa5f759f08f,removed,
apps/mobile/src/offline/reconnect.ts,489b7989315cc1948a992765df243a789208f3ae7ad016217cdfacceaf987735,protocol-fixture,packages/protocol-fixtures/src/offline/reconnect.ts
apps/mobile/src/offline/recurring-approvals.ts,6f13bc35df3cf64ebc46743e9a99b637c28b0c35e3eabc52026e1977dad8cfca,protocol-fixture,packages/protocol-fixtures/src/offline/recurring-approvals.ts
apps/mobile/src/offline/recurring-reminder-save-service.ts,feca5b02995c5ed99469ad70488e54d3f8abe2d6cf181b256ed88fc93c612ab7,protocol-fixture,packages/protocol-fixtures/src/offline/recurring-reminder-save-service.ts
apps/mobile/src/offline/recurring-reminder-saves.ts,1715e4b835fc92036868ecc368f4d2c5ca880bc4f896da156358bb660a6a0f0b,protocol-fixture,packages/protocol-fixtures/src/offline/recurring-reminder-saves.ts
apps/mobile/src/offline/recurring-saves.ts,a7757042202b7a0056f8f24fe372514f1debb2cd347c8bbc54293fe37e9dc278,protocol-fixture,packages/protocol-fixtures/src/offline/recurring-saves.ts
apps/mobile/src/offline/recurring-state-approvals.ts,1663e9564573828bb20bbd300f20f1cbb566b5486c54d4bfd80c8b8d77dd7bd4,protocol-fixture,packages/protocol-fixtures/src/offline/recurring-state-approvals.ts
apps/mobile/src/offline/recurring-state-saves.ts,b8deb90accb8734ad668e567f1daf2493c9b9b0921f2fa7c2a89c4a3cf13f08e,protocol-fixture,packages/protocol-fixtures/src/offline/recurring-state-saves.ts
apps/mobile/src/offline/refund-approvals.ts,99a450b80af0a53d69c077522ed20adafb35fc4f9e68388b5fbe3c184b497648,protocol-fixture,packages/protocol-fixtures/src/offline/refund-approvals.ts
apps/mobile/src/offline/refund-saves.ts,7e23093a811a96bdaaf3b3602622db65d02914aa3270921ad414f16f40649d9f,protocol-fixture,packages/protocol-fixtures/src/offline/refund-saves.ts
apps/mobile/src/offline/renewal-reminder-save-service.ts,1d4a9068f907653da52695c91a93adf9a1831766ae1fe4c8fba520b67123c487,protocol-fixture,packages/protocol-fixtures/src/offline/renewal-reminder-save-service.ts
apps/mobile/src/offline/renewal-reminder-saves.ts,e884ae9a08fb221a969018594429c0d18edbddf6afbf2aa4304104bc29eeb1d4,protocol-fixture,packages/protocol-fixtures/src/offline/renewal-reminder-saves.ts
apps/mobile/src/offline/renewal-save-service.ts,77149b3c4339c990a933709ee9361ad686b0f6e9e4e5c51fec702c88c5e7f2b1,protocol-fixture,packages/protocol-fixtures/src/offline/renewal-save-service.ts
apps/mobile/src/offline/renewal-saves.ts,ecef7c53464994a04aa8bee4421573ff203581140665713a3d9db04566d4ae23,protocol-fixture,packages/protocol-fixtures/src/offline/renewal-saves.ts
apps/mobile/src/offline/replay.ts,f00806fa86b5fd4b35993fb8d20cf53a47da073dc85f83f61593e4754ba260ef,protocol-fixture,packages/protocol-fixtures/src/offline/replay.ts
apps/mobile/src/offline/retention.ts,62187a5b1fd0d6d6832a47ce4cd66587b2f740679d3b8c3f7702a8612cd13af2,protocol-fixture,packages/protocol-fixtures/src/offline/retention.ts
apps/mobile/src/offline/run.ts,e29a8a5fc03bbf31db6967f28b8b1af3fb7b80c1a8c56f48b0294bc775679a85,protocol-fixture,packages/protocol-fixtures/src/offline/run.ts
apps/mobile/src/offline/service.ts,bafe1de0da8f54faba8426100e98cefa480bc023f42f1b9885ce009b2298167e,protocol-fixture,packages/protocol-fixtures/src/offline/service.ts
apps/mobile/src/offline/session.ts,fef53e5b6c4b32d164557c2094cc49eaa09b9471c9a5c684b71c3fcbd2e94375,protocol-fixture,packages/protocol-fixtures/src/offline/session.ts
apps/mobile/src/offline/settlement-approvals.ts,7812a191094372b9d30c51745db321c0e2c06fb017b524edd87868e725edc43c,protocol-fixture,packages/protocol-fixtures/src/offline/settlement-approvals.ts
apps/mobile/src/offline/settlement-saves.ts,288cee98c3f72fa22cda15ee7ec60956502a34f4abbcddbedcc8d5baa87e4f40,protocol-fixture,packages/protocol-fixtures/src/offline/settlement-saves.ts
apps/mobile/src/offline/sync.ts,b0771962203d686960ddf55934718d37c357aa5d88af4b34e08b3281063fada5,protocol-fixture,packages/protocol-fixtures/src/offline/sync.ts
apps/mobile/src/offline/variable-cycle-saves.ts,0416466c40b9558162cb2667c3f6897f13490ea516b8f652c240304be15f0109,protocol-fixture,packages/protocol-fixtures/src/offline/variable-cycle-saves.ts
apps/mobile/src/preferences/client.ts,088a6c8c31849fddd9f3928a7add7d6e5681c6fdd672b1ca784f39aee9d46ca0,protocol-fixture,packages/protocol-fixtures/src/preferences/client.ts
apps/mobile/src/preferences/contracts.ts,a8686e5ccea0882cea62a12c8f261f7db369c33491ea08a6cfdc7b531418088c,protocol-fixture,packages/protocol-fixtures/src/preferences/contracts.ts
apps/mobile/src/preferences/runtime.ts,7f5f87c7ef83f1e10e746225c63e12e372155f05364d652fb28f8a1f3b327672,protocol-fixture,packages/protocol-fixtures/src/preferences/runtime.ts
apps/mobile/src/preview/preview-state.tsx,0b3ba41bced036daac7877db9ad0ac8515f910225b3f7095012386f8c2ccaf21,removed,
apps/mobile/src/push/client.ts,2172d1bb7ee17218ce960ab76aa1a9f7f6e8f101d0d8652d83ba9c41e5b08e8c,protocol-fixture,packages/protocol-fixtures/src/push/client.ts
apps/mobile/src/push/digest.ts,5b4b82ed542ef2eede1cdd538c846ff79f8fb119996c39be2e254a0dfba4b83f,removed,
apps/mobile/src/push/enrollment-actions.ts,6459980173d821c7bdb3c715b7132bf526b6960257fe1cbfab2e8c03e4125bed,protocol-fixture,packages/protocol-fixtures/src/push/enrollment-actions.ts
apps/mobile/src/push/enrollment-owner.ts,cc492f66c8d5a977a25691be21d284adf7f7538faf5c1aa4dea2e61b9bf4aad7,protocol-fixture,packages/protocol-fixtures/src/push/enrollment-owner.ts
apps/mobile/src/push/enrollment-runtime.ts,7e3a7e5f75f1b343e95de09ce9d441b2e3fd7f1be0f898db994dea9d034f1b69,protocol-fixture,packages/protocol-fixtures/src/push/enrollment-runtime.ts
apps/mobile/src/push/installation.ts,a588dd03cf90790b137a8eda36b992680edffdeecb5e7fe085071bc813b6a709,protocol-fixture,packages/protocol-fixtures/src/push/installation.ts
apps/mobile/src/push/logout-cleanup.ts,857ee12c25cd43a08114684e01306a8a5dcfe52cd28f48c0c70899ef4e5d4f05,protocol-fixture,packages/protocol-fixtures/src/push/logout-cleanup.ts
apps/mobile/src/push/logout-client.ts,3c7b9efc0dd50bc30ca8cacdacfdee895401dc005cc57267d41e930b2436ecdf,protocol-fixture,packages/protocol-fixtures/src/push/logout-client.ts
apps/mobile/src/push/logout-reauthentication.ts,9229a783776d2ae99427becacc51a41b9c12aa13520682d8fa66b554d5bf7cd1,protocol-fixture,packages/protocol-fixtures/src/push/logout-reauthentication.ts
apps/mobile/src/push/native-enrollment.ts,bf848bdc964ff8ab9a539698bcec1f91c6ab53c174eda5091d5cce7b82de6932,removed,
apps/mobile/src/push/native-logout-recovery.ts,018a88df26d7c054c066dcd523706711fb6893a5a4119acc2a7b9a136bc4818b,removed,
apps/mobile/src/push/native-logout.ts,3ec66deed20e3b24f611f127eefd931aed97d1af21c6c3cab0ee3fa01299b00b,removed,
apps/mobile/src/push/native-permission.ts,c834c21560b89d499ca4caef312c36338e0950ec355771371edf2922029390ab,removed,
apps/mobile/src/push/native-storage.ts,4b02ff289f12b248828d94f72d7e5033ecb899e35e8fed5264531bedb0f04ea4,removed,
apps/mobile/src/push/notification-lifecycle.tsx,cc19af04e694ffd0d9ae9e6dbe33884d2b8a1450db7242e12ef9804595d411f5,removed,
apps/mobile/src/push/notification-opening.ts,4518a42d104c128460953dd814d9c3c8b766b0a7f639185b74e863242d01f9d2,protocol-fixture,packages/protocol-fixtures/src/push/notification-opening.ts
apps/mobile/src/push/operations.ts,26d54db74906ee3efb5024f942cb25466c6e45b94b2e2aa5b8064b598dae7a8b,protocol-fixture,packages/protocol-fixtures/src/push/operations.ts
apps/mobile/src/push/permission.ts,d65e8b03e8cf94813d029ebc111f143e47b8547dfd7c21f5ae34f623fbc41b1a,protocol-fixture,packages/protocol-fixtures/src/push/permission.ts
apps/mobile/src/push/protected-attempt.ts,cd7919e15c086971b6d67d749aa019f782b878ec2b630ae95f046e5def314c8a,protocol-fixture,packages/protocol-fixtures/src/push/protected-attempt.ts
apps/mobile/src/push/rotation-checkpoint.ts,c08e6ce985c5bd3faf687e0b572d0de76b54fa0a2528b6e1917520320c92bed3,protocol-fixture,packages/protocol-fixtures/src/push/rotation-checkpoint.ts
apps/mobile/src/push/rotation-queue.ts,88e9623bece8976b8063fe461ff35751b0c58992795bb6cfc75c572f2bf72b1d,protocol-fixture,packages/protocol-fixtures/src/push/rotation-queue.ts
apps/mobile/src/push/rotation.ts,16c83f3a122ff917f836269bb0c6f14375163ff841c2362c2b8ed72eddc03539,protocol-fixture,packages/protocol-fixtures/src/push/rotation.ts
apps/mobile/src/push/token-lifecycle.tsx,3ff719ed788f8cfccf7cd4795ac748e855ea0296b8d18f00bfa1aa19b6e620b7,removed,
apps/mobile/src/recurring-reminders/client.ts,569bf15aab3d9c8ca7302e37f2d2853e36f67d912d87d7b1e54a713639db016d,protocol-fixture,packages/protocol-fixtures/src/recurring-reminders/client.ts
apps/mobile/src/recurring-reminders/confirmation.ts,87448be457d2c9361e191d49d1e633f07735901a83151db33826bee864fb6a9d,protocol-fixture,packages/protocol-fixtures/src/recurring-reminders/confirmation.ts
apps/mobile/src/recurring-reminders/editor-access.ts,2b2b257ae65792a2db8663169f7cf52a35872ae3141073d62c711339e1926dc7,removed,
apps/mobile/src/recurring-reminders/editor-body.tsx,9fefa4626de9afa274ed72f033a0524500eb61bc516363e815ced741a4324235,removed,
apps/mobile/src/recurring-reminders/editor-context.ts,e4bf8ef87efa89d344e12d145c0d4f84a4ec22ccf8a4c8efe12d0954028642fe,protocol-fixture,packages/protocol-fixtures/src/recurring-reminders/editor-context.ts
apps/mobile/src/recurring-reminders/editor-form.tsx,0659711dacecbbc382b8d5ee374fed0c0f6cb295a872314096e3fdbdb3b73ff7,removed,
apps/mobile/src/recurring-reminders/editor-gate.tsx,f4934685478d1a652f34e7e7c11801bee93c21d7c9a6e47d24dd0ae221934204,removed,
apps/mobile/src/recurring-reminders/fields.tsx,c1dc341dfdc4e5466d52bc4cc28f6e1ac7f4aa97f6b99722d5cd9263f3b6295b,removed,
apps/mobile/src/recurring-reminders/form.ts,e8c3a56ccc7ceef9443ef362729d6bbbb280a0c9538e165e777da42fecabe232,protocol-fixture,packages/protocol-fixtures/src/recurring-reminders/form.ts
apps/mobile/src/recurring-reminders/recovery-entry.tsx,0735c47534104c10f0abfdc25474f0bfabddb897dc1dd21eca254305499f7884,removed,
apps/mobile/src/recurring-reminders/recovery-review.ts,42a9a8697f2a700bade4384a8236936b6cac6694133c22e33b62b172ad1d8e95,protocol-fixture,packages/protocol-fixtures/src/recurring-reminders/recovery-review.ts
apps/mobile/src/recurring-reminders/recovery.tsx,562d9299c9a487acf7372885a9fea7e0683a9c9dfa57eda5cd62dbdd9a9f3baa,removed,
apps/mobile/src/recurring-reminders/save-attempt.ts,c453b1e2c62ac56f4e3fe86a5b9a20770498587a4747fcebc500cac08a0525fc,protocol-fixture,packages/protocol-fixtures/src/recurring-reminders/save-attempt.ts
apps/mobile/src/recurring-reminders/save-operations.ts,97a25eab74c2c736588ba66685aa604bd989a709c23aa15260d87cb055f9a2c9,protocol-fixture,packages/protocol-fixtures/src/recurring-reminders/save-operations.ts
apps/mobile/src/recurring-reminders/save-owner.ts,5bb6183635971cdf0f10fc8284b504369cf90f5e503d4a4542f1153369aef60b,removed,
apps/mobile/src/recurring-reminders/save-runtime.ts,9937b5f45f499bc49c58dac20fedc37e0982fdcc5ce7c62e5e4e60ce83cd5aef,protocol-fixture,packages/protocol-fixtures/src/recurring-reminders/save-runtime.ts
apps/mobile/src/recurring-reminders/use-editor-context.ts,d194bb57c1c0685e501f6d23f27968b8da659e60becdf5d05a37f638cef7addb,removed,
apps/mobile/src/recurring-reminders/use-fields.ts,44a1683b6aa71f6050538b62a6bb61d49b48cd3ea10729556145d8833914a75d,removed,
apps/mobile/src/recurring-reminders/use-leave-editor.ts,47471f9c7f4ba01975b73f349a20a0567b68d765a00bb7dab4b029aa6cd9037d,removed,
apps/mobile/src/renewal-reminders/client.ts,4c6f91cd7eef04d6e51ffcacf31ffc22c2d76a9ce34ef995b43370c919e38d23,protocol-fixture,packages/protocol-fixtures/src/renewal-reminders/client.ts
apps/mobile/src/renewal-reminders/confirmation.ts,492739bf0f82d4b8cd1d863f058997e7fc4c4c13f84c516e60ac065f91468d89,protocol-fixture,packages/protocol-fixtures/src/renewal-reminders/confirmation.ts
apps/mobile/src/renewal-reminders/editor-body.tsx,59d75a92d83ac9f582087aae366044db8e2ac43373e9cb23031d85fadbf488f0,removed,
apps/mobile/src/renewal-reminders/editor-context.ts,9c34f2e360748190a2a90466f0768c47d424f7bcdcf614ad4ecae916f69358c9,protocol-fixture,packages/protocol-fixtures/src/renewal-reminders/editor-context.ts
apps/mobile/src/renewal-reminders/editor-form.tsx,651b42d90475826f334f75433bdf1aad8adbc7bb2438a54522c9ad4d775ca5ed,removed,
apps/mobile/src/renewal-reminders/editor-gate.tsx,e0311a67be73505043c03a898848d2ceddc1c92e772b678e30ec9ceb3581e026,removed,
apps/mobile/src/renewal-reminders/fields.tsx,9f4fd42537b1073874bf385764a88d91e9bebf5d0783dd9bb20c529774abcc35,removed,
apps/mobile/src/renewal-reminders/form.ts,b46f66b9719b2621c3577f13576ff959ac22bbba79af82ebec9eff0577f15e28,protocol-fixture,packages/protocol-fixtures/src/renewal-reminders/form.ts
apps/mobile/src/renewal-reminders/recipient-label.ts,51bc04d6a6a89da5599604cefaf2352a7e95756f7f6b7850f5a3fd4312a94755,protocol-fixture,packages/protocol-fixtures/src/renewal-reminders/recipient-label.ts
apps/mobile/src/renewal-reminders/recovery-review.ts,49241a6e354247d09bf10ab0f06d078993e77ac623a689921921c79778ea9518,protocol-fixture,packages/protocol-fixtures/src/renewal-reminders/recovery-review.ts
apps/mobile/src/renewal-reminders/recovery.tsx,7eca69135621698959ff4bb3f6eb03ae9f9a423973d3d4ee7086dbd08ecbe402,removed,
apps/mobile/src/renewal-reminders/save-attempt.ts,5c10c9d34c61105fa126fa44cff7909bbe2d62f82e2d13441bcab26512fb5f73,protocol-fixture,packages/protocol-fixtures/src/renewal-reminders/save-attempt.ts
apps/mobile/src/renewal-reminders/save-operations.ts,1e7abe550b6ad95e7e3403dd6ce56ad2a5402fcd031894f4e51a55c1b8d5c2b1,protocol-fixture,packages/protocol-fixtures/src/renewal-reminders/save-operations.ts
apps/mobile/src/renewal-reminders/save-owner.ts,a69067b3561058849044219982df173f79d375e7f5207fbc9998c8e3157f77dc,removed,
apps/mobile/src/renewal-reminders/save-runtime.ts,3a78f2a340ba3e5efb098e6a3fec3e360cc0055129056356b3f810c9f7e1c56e,protocol-fixture,packages/protocol-fixtures/src/renewal-reminders/save-runtime.ts
apps/mobile/src/renewal-reminders/use-editor-context.ts,ac052a4963c7d728cbbb41cd2330c8932f6bb888f1efe26529528bd93ade2799,removed,
apps/mobile/src/renewal-reminders/use-fields.ts,181b8a68a899259bd396dc0a20754f55d3388d0c142a3b12651c65a317ceeeb9,removed,
apps/mobile/src/renewal-reminders/use-leave-editor.ts,35f6bfc8a42c605d7226286c5a805d812fcbcd869b57ee12b24f70392a7ed667,removed,
apps/mobile/src/renewal-reminders/write-client.ts,3ed46fcbc3113b4f79739a4a86d0f345caa1e1d2ff621b0444955f6fd1492d43,protocol-fixture,packages/protocol-fixtures/src/renewal-reminders/write-client.ts
apps/mobile/src/renewals/client.ts,5205a55f021e7a8be414a9173e694c94fb541185d6fd8b0234e1df4795a45836,protocol-fixture,packages/protocol-fixtures/src/renewals/client.ts
apps/mobile/src/renewals/confirmation.ts,3a69be44b6a6b31582893b66824b2edc1de4e8809483ba6c3a1520da37e18832,protocol-fixture,packages/protocol-fixtures/src/renewals/confirmation.ts
apps/mobile/src/renewals/editor-body.tsx,77eeedc6ba591d382e9ebf8e8bf65873ecf1bda4592862696e9761c352c8b39e,removed,
apps/mobile/src/renewals/editor-context.ts,3c14c60a83ac2ce5540c69cf7bbd3b9f6b28a83a98d539e149ad5bb1dc3c9193,protocol-fixture,packages/protocol-fixtures/src/renewals/editor-context.ts
apps/mobile/src/renewals/editor-form.tsx,e4732b995226fa034bb9285b568d5e0dcafc4be8237b958b9db36974d53f93aa,removed,
apps/mobile/src/renewals/editor-gate.tsx,94a70c47e48f6646e1fb8a00a7e269d78c80183983ee2efa1696a5a3c59404c8,removed,
apps/mobile/src/renewals/fields.tsx,b461db7e19cbd0dcff1e39a4d9bea2328b6f00a5079e8a20efc872663d883d7a,removed,
apps/mobile/src/renewals/form.ts,ef6cb1202791d9a4cb40448f792cac9fe9275b61ea035719cda147fc59bdcc7f,protocol-fixture,packages/protocol-fixtures/src/renewals/form.ts
apps/mobile/src/renewals/read-content.tsx,38fb0a04c6ff672eb9617dd343f6a45b752eac7255ae0ba437a6d69005eb089e,removed,
apps/mobile/src/renewals/read-operations.ts,839acfcfdbdcd1d29e3a4e866ca7b7aae3d150096848742893f806a77d4239bd,protocol-fixture,packages/protocol-fixtures/src/renewals/read-operations.ts
apps/mobile/src/renewals/read-owner.ts,36fcd2846b706fd2854db32ca4d79e9afc3bf4e33cead2cfdb9df7e341c2876d,removed,
apps/mobile/src/renewals/read-runtime.ts,6dae264b680df30116cd13e9ec12cce64794ba79c3ec31818f84f019d75f30a4,protocol-fixture,packages/protocol-fixtures/src/renewals/read-runtime.ts
apps/mobile/src/renewals/recovery.tsx,d42a6fc7c3824202ca53ef8833c08b9800c9fd710072c105dc23e872ed298284,removed,
apps/mobile/src/renewals/remove-confirmation.ts,879917ebb8fcbb0eb2039996aff9de8c22276297ca809f8d9cc663c374bf06af,removed,
apps/mobile/src/renewals/requests.ts,2928e3299424ced4a5d3d3f8bc8fb8d8565a203a9e4717170c4613486c8df7c7,protocol-fixture,packages/protocol-fixtures/src/renewals/requests.ts
apps/mobile/src/renewals/save-attempt.ts,ad4fca6ee057f1fccfed2a1f02dcf014a4ba2dd4132032b1bc4f16cc41fcd306,protocol-fixture,packages/protocol-fixtures/src/renewals/save-attempt.ts
apps/mobile/src/renewals/save-operations.ts,a47ac3d766dbb3492106873bbf48cc6c8c9565227997783e4bb399e1eb7dd1b1,protocol-fixture,packages/protocol-fixtures/src/renewals/save-operations.ts
apps/mobile/src/renewals/save-owner.ts,1a2e921d8b896ba24e9a9f059d3f8b1d702c4063f25d6ea38a508ea1c0270c3f,removed,
apps/mobile/src/renewals/save-runtime.ts,f179d9dabe902935a99c5c0ddf1094fe75bb60612857e4c49647c08cea76881a,protocol-fixture,packages/protocol-fixtures/src/renewals/save-runtime.ts
apps/mobile/src/renewals/screen-gate.tsx,39823902410167ac96302dbac4d15d6be2506205c88d32c00db1605e94d64d28,removed,
apps/mobile/src/renewals/use-editor-context.ts,41c98b1768612b4910266f7378a7ff385a3f9d95162a22321606534f244066fd,removed,
apps/mobile/src/renewals/use-fields.ts,103c29bfaee3a7d12dae7d78d9d2b88e0c5eff0afb4421bcc983f2a995cac551,removed,
apps/mobile/src/renewals/use-leave-editor.ts,da583d67e753834cf5853c23c86bc2ca95391ee8332a8b4d5742c152effa3a0f,removed,
apps/mobile/src/renewals/write-client.ts,87160ab1f97e096fe3589306c10bd635da9c21d6a6e612fa1ca36d6a61fbf17e,protocol-fixture,packages/protocol-fixtures/src/renewals/write-client.ts
apps/mobile/src/routines/client.ts,da3a8d5c886e66ce63f4a71c8a8288aa4ef6ce889904f8ce9358ef3defa88589,protocol-fixture,packages/protocol-fixtures/src/routines/client.ts
apps/mobile/src/routines/draft.ts,b2c0fbfb470be68e095a8c0527ff72ad8f161ca7a1b2f3df45d4f4dbf4a2e32f,protocol-fixture,packages/protocol-fixtures/src/routines/draft.ts
apps/mobile/src/routines/edit-draft.ts,aeb2971a25a9eb9b7954c6153ee034a927cd330fb6575c3f73a7b2bfafa1a4c4,protocol-fixture,packages/protocol-fixtures/src/routines/edit-draft.ts
apps/mobile/src/routines/form.tsx,622e1c4da8162db93e6c7e8225008a70f591d2a513d27b19ac8cbf7621a0042a,removed,
apps/mobile/src/routines/menu-types.ts,c60cd7bfa429ff6c324126905b1a7ddee5d9c64f1e7c1858bbcd07ad1281babe,removed,
apps/mobile/src/routines/menu.ios.tsx,446d4dbbb1a07869677014d82f29eb252a76f5edd3b68a63550224105d0b3a69,removed,
apps/mobile/src/routines/menu.tsx,714b2903559a7c4b114c89d206b2e1db1a322b2693a70d1e75ec8b625d465430,removed,
apps/mobile/src/routines/owner.ts,949afbd0a95e5cdb80d49a59c227914ce26bac648d26e78b408e0dc2640345a1,protocol-fixture,packages/protocol-fixtures/src/routines/owner.ts
apps/mobile/src/routines/runtime.ts,27ceb15d1e4e480b071c3338c6b0689f5ed49dc42262d370bec3394426c50db9,protocol-fixture,packages/protocol-fixtures/src/routines/runtime.ts
apps/mobile/src/routines/schedule-fields.tsx,3d0f5c73ef5ec0f10ce27a70bc36e13be07188062153746154a74a69a8124a87,removed,
apps/mobile/src/routines/state-client.ts,e1cdc7e0b051054a6bdb687bdc37a1a78f946405333e41adad2562fce361343c,protocol-fixture,packages/protocol-fixtures/src/routines/state-client.ts
apps/mobile/src/routines/use-draft.ts,054d87715d580fa6ea5ac9679d9f116511a9f447364010deeb488d60e8f794a3,removed,
apps/mobile/src/routines/use-pending-navigation.ts,ce5a7bfa050eda6affc8caab9d1f308530a00537f758e6ea64b26f15fc816cb8,removed,
apps/mobile/src/screens/assistant-screen.tsx,208a81c8bcb1582574c1fbcb8141927a628fb2ed705673f840f0a596e043e01d,removed,
apps/mobile/src/screens/calendar-screen.tsx,da574e93ab8a88cc079e607b8265ad7f7e66be745e3adc3ed26d0f89a6e2010a,removed,
apps/mobile/src/screens/calendar-sharing-screen.tsx,bed668d7b67f51c089bb63e65aca9685fb0bc905edbaf5caf5a8493a6707c695,removed,
apps/mobile/src/screens/checklist-screen.tsx,3f523262400e1e92d009bb525dbb9bb5402bf5672f48a79cc53eb7d7873fc0b7,removed,
apps/mobile/src/screens/chore-reminder-screen.tsx,895910a9ef2cb488208ebb8a5616cd4eda89f2117b1ead59ad348539953fcd5f,removed,
apps/mobile/src/screens/chore-transfers-screen.tsx,89db88553fc45ffeb182c65ad3fd682a32d4b24053e521ba00c22607fbb00450,removed,
apps/mobile/src/screens/conversation-screen.tsx,21fc41e3fda573eb9b7537efd7a036790c1c601e78f7fb4844a588b35ca8ab40,removed,
apps/mobile/src/screens/cooking-preferences-screen.tsx,3f892f14f55cf4622907409cdebbcf1c23e23beb211a51c03f65329eebb471a5,removed,
apps/mobile/src/screens/correction-approval-screen.tsx,5cc4c23c319fe117367e5f8dc46891d0c23bf36b1b5bc5a319656d44c0416c9e,removed,
apps/mobile/src/screens/correction-entry-screen.tsx,a6e7fc47b84240061b1e2552ee2b319dadc6ad82541f7e784c5c4ae9161db0fa,removed,
apps/mobile/src/screens/daily-summary-screen.tsx,4327d592fe518c5144e72710fb081cc29758b2ac1fca757b8f5e2839f5c84354,removed,
apps/mobile/src/screens/due-bills-screen.tsx,e11524ae9b3df4b5bef63d232324921be865929a63e20961e8f8f053af1a9752,removed,
apps/mobile/src/screens/expense-approval-screen.tsx,f4d88a951dccc54f4173c616eb980d0add830fa540e9298fe550a57afc660f9f,removed,
apps/mobile/src/screens/expense-entry-screen.tsx,db6291459a313b8d7b4c0c1cb149dbe7d40a474d116645857ff9b870ff5db52e,removed,
apps/mobile/src/screens/food-preferences-screen.tsx,d5b11897220a169ef97d86b34f4df66896ab24f1f5816b937520fb64b1d16c31,removed,
apps/mobile/src/screens/groceries-screen.tsx,3f702f93742ed329e99122dd59285c6bc21400b3dcdb3a00716ab6f421df5b93,removed,
apps/mobile/src/screens/grocery-editor-screen.tsx,17ec149fb5dd47fc4b1e2f0906b01845d934ea862fd9d6d27e6cb80f6a922f5c,removed,
apps/mobile/src/screens/grocery-reminder-screen.tsx,5865f13b31b65681cd4dd92d10bcdd692044d67f0797f8cdab0a960e30e24059,removed,
apps/mobile/src/screens/household-screen.tsx,b3f8d35f6b12b2996f412506ceabd961c48bea65c0547858a6c4379ba5a07a97,removed,
apps/mobile/src/screens/legacy-adoption-approval-screen.tsx,b85434747ee39ed6db4f90017b7013a7fa7b6a9e4024b3f8e90d9b2e5b87626a,removed,
apps/mobile/src/screens/legacy-adoption-screen.tsx,8fe413312ed71c1a7935cee49813960be39fcb31f188feec11d8cfb1b0bc6818,removed,
apps/mobile/src/screens/legacy-confirmation-approval-screen.tsx,e12859b78010463793924e23b3a7d55789623943c830e15d5b69f944df9d11a9,removed,
apps/mobile/src/screens/legacy-confirmation-screen.tsx,843f48b6c696712bb75108e995845a277902da944906e8907f7d4437b564dc9f,removed,
apps/mobile/src/screens/legacy-dismissal-approval-screen.tsx,d2c7505d6b851a65546196e31935a3cf7ea99866b89c5efdbfab1d54944951be,removed,
apps/mobile/src/screens/legacy-dismissal-screen.tsx,d820d9d065df14d96506f140a6162575aad5e39821ff13a4b8c64eb6fbd86701,removed,
apps/mobile/src/screens/meal-ingredients-screen.tsx,dddd7538f363c8edce693da51e8a20c09e29282948c08a85af49ad4253b771e1,removed,
apps/mobile/src/screens/meal-leftovers-screen.tsx,d938a3263665b6dc77f80fef17a604f69e86f52e6c9bf5131e7b866cc2239872,removed,
apps/mobile/src/screens/meal-library-screen.tsx,6f16cce4b51da0ad3e2a3b7b59406aee39f802da64f3a7fc274a0fe339e6d401,removed,
apps/mobile/src/screens/meal-move-screen.tsx,929f683e082180a245ed0905e3cb810a0c3829d25b523c53e06426eb08bd2a2b,removed,
apps/mobile/src/screens/meal-placement-screen.tsx,89586b8ce8d0e0757bcbe13a90e060e134088bebee5e88d7add13c4b95768c46,removed,
apps/mobile/src/screens/meal-preparation-edit-screen.tsx,da8ce4be4f329699e9d9b0c860610f7093c7b45bf058aa83a168fad201befaa6,removed,
apps/mobile/src/screens/meal-preparation-screen.tsx,e5e627006a34c53451acb38e4705450bcb9708612bd770d534fd42686d25c80d,removed,
apps/mobile/src/screens/meal-proposal-screen.tsx,d749c299e1a1af738d393c3c947017e6d81da345b536a1702d2365d7ffce98e6,removed,
apps/mobile/src/screens/meal-reminder-screen.tsx,86b4ed7265e7b9e77e4dec535f594f030bb26d3ddb5cc9dba630b7c201b7a038,removed,
apps/mobile/src/screens/meal-removal-screen.tsx,8c8406d5cacf144e4706a3e9bbf1743f55e0a785f5c69d082b3520b71c6dc493,removed,
apps/mobile/src/screens/meal-replacement-screen.tsx,d5d08d8e425f08ca44679e08f46e2dc38b7591eb064ac287e59150c69e26959f,removed,
apps/mobile/src/screens/meal-week-screen.tsx,8cbd304ec6de9be8258433c4b1761d057087c501582ea194bd09bf361fcf0bce,removed,
apps/mobile/src/screens/meals-screen.tsx,55be7ed6d11e588341648bbd9259ddddf2ffc0c12ea8d1034701058559ef9506,removed,
apps/mobile/src/screens/memory-screen.tsx,5ee519ba332b5ceed83d4edcd9883d0833e56695d9169b25b0f9c12510519b38,removed,
apps/mobile/src/screens/money-event-screen.tsx,93c43a515bd257309fc7b5b9f63f17236981bca8ffbdb275d83adc0bfcc5bc55,removed,
apps/mobile/src/screens/money-screen.tsx,c20a3f6b80ae6323dace71e16b8cd9036baac10b929010db556830ef2a64cdcf,removed,
apps/mobile/src/screens/notification-preferences-screen.tsx,905105d4144d4d29cb516999e606517f85c9a4c2ae466a8d1b7c53dda28da26d,removed,
apps/mobile/src/screens/planned-recipe-screen.tsx,7de5e8a5c54a9f73a4c3beddd92face5f2bcf562352c84f5e006442857975382,removed,
apps/mobile/src/screens/preview-settings-screen.tsx,4d61a0a2b6928f692e3a3647ac6eb2939238bb466515c69f645800b3d1f1aac8,removed,
apps/mobile/src/screens/receipt-recovery-screen.tsx,be614f9d3948b72ddcf88f48323e6539640ca545b2c99b9d4daa88dc4d6afac6,removed,
apps/mobile/src/screens/receipt-screen.tsx,5445d133b44cb8a8bde57e7e32cebd3f34145b0149c43f3c38cab60f148d72d5,removed,
apps/mobile/src/screens/recipe-archive-screen.tsx,0fb5a0047bcefad286ff8d8bf095ff2ef0e12b4b5f57e13eff8f34b0921f64ac,removed,
apps/mobile/src/screens/recipe-creation-screen.tsx,9a16b4fab045d1bea8db4567e9714c46c7e3159af813167bbd020e958129d770,removed,
apps/mobile/src/screens/recipe-edit-screen.tsx,09cbfc68c0e10871957c0e44c5eb1ef152cbac1fd6d77a6cbbe69db1dcd72727,removed,
apps/mobile/src/screens/recipe-selection-screen.tsx,71d8c9663cb78937ca59624af7895d9dea30dc998ad3938a97fd4fcddd86264a,removed,
apps/mobile/src/screens/recurring-approval-screen.tsx,a564e0fadc6e6cfcf15e15594db30e74fa3974492cacc81382d818c77c32d156,removed,
apps/mobile/src/screens/recurring-entry-screen.tsx,718e39a053e994d4a29a79ae07a68a81241c8c4f19621635ded1bcd30b535b93,removed,
apps/mobile/src/screens/recurring-manual-approval-screen.tsx,8f7da16a2a8dbc634921ca292d8b2fbba5ffb6326f807027b66dfa4a446d548b,removed,
apps/mobile/src/screens/recurring-manual-screen.tsx,45c7fc4c9253e2de5d422be57d378eda543655658575ce7e4803e4b578cf90a5,removed,
apps/mobile/src/screens/recurring-read-screen.tsx,83bdcbe362ee1e9f1e926d615fb84e4b51531ceb4a4c266db57181fb4e971442,removed,
apps/mobile/src/screens/recurring-reminder-screen.tsx,f3ebf8f5a6dbb8f07649efe2cd2a7d65de372d09b5205312137ea0886c7017ec,removed,
apps/mobile/src/screens/recurring-resume-approval-screen.tsx,0ab2a2f1457fa966b27ba680f5aa3c00340fb3730b43c0980b03654fcae99faa,removed,
apps/mobile/src/screens/recurring-state-approval-screen.tsx,50e0cddbfc6e0e4594346973d6207fd1ddd9fb724c8c7a9f974254ac7614b0cc,removed,
apps/mobile/src/screens/recurring-state-screen.tsx,c425da11d347f662b5472f0e9a7e93945427225118b88ff399cc9b3ac1eaf961,removed,
apps/mobile/src/screens/recurring-variable-approval-screen.tsx,293ed69687077ac99e3048375feb0bb77b9ad19b2367eecc4011ba60426a557f,removed,
apps/mobile/src/screens/recurring-variable-screen.tsx,31a9a4bc4e633f5d6166962eb53a07ab4aca653072c88b641001cdd069d8f08e,removed,
apps/mobile/src/screens/refund-approval-screen.tsx,804f86f44817bb695310aedb0d5f744a4567c6b8728a7dba4c283e556b319a9e,removed,
apps/mobile/src/screens/refund-entry-screen.tsx,09f333a440d9e391a4900b0edd0afbd0302f05fecdcfe857c3d363f8d2148dbc,removed,
apps/mobile/src/screens/renewal-editor-screen.tsx,c5404e1f3399a65e74f98ea189809c3cd01aa3127afb6658263c765646501c55,removed,
apps/mobile/src/screens/renewal-read-screen.tsx,b13b25028ab08998467da6ef44353968fc64fc9463bfa9ea806ecd9d7ec254cd,removed,
apps/mobile/src/screens/renewal-reminder-screen.tsx,9cc9fe4ef1d377f63961bc69e95bb5da9736ea002120b10ff01065f3f0d7eae5,removed,
apps/mobile/src/screens/routines-screen.tsx,efc3c525aff9d38803c5afc54c359cc258ebfb28dcfc67dae9235d799bb3250b,removed,
apps/mobile/src/screens/saved-meal-screen.tsx,4ac6049205d640b2f1d3072d229369cc9cbb08a77e2588996308889d41fe4db1,removed,
apps/mobile/src/screens/settings-screen.tsx,ede7234134e7a7d4baef6f2166a0a0520a107713c76297ebfd8910e22839f025,removed,
apps/mobile/src/screens/settlement-approval-screen.tsx,50e3476508cd5cb431d19c6d4f3f752445dc1073863f4b193404b0313d8f8688,removed,
apps/mobile/src/screens/settlement-entry-screen.tsx,e1893e4de77210866608f943722930fb7cddf559d92f134c7aa4fa2fbb8dddd2,removed,
apps/mobile/src/screens/setup-screen.tsx,99cd3d85e697ee456a75f755f75b2e1d88eb33bef1c3ec8e6dabdfb7bd54e703,removed,
apps/mobile/src/screens/today-screen.tsx,07a62944c98ac8e3c858b946d7037391556f603f5feace6b4141cada7b255c7d,removed,
apps/mobile/src/screens/welcome-screen.tsx,24d87bd2d8581353e18b3346d933c4bc1075744a98157f58ab08a98443e491fb,removed,
apps/mobile/src/session/README.md,6761514fa0d1ee630d5e197eae8793ad97036eb9052b1a452ec994fa705c38b0,removed,
apps/mobile/src/session/apple.ts,effaeb295ae1f045c11b5d3a52b689d045c1cda123d3cfa60485ca5468d3c4e0,removed,
apps/mobile/src/session/assistant-client.ts,b647ddbdda72b54faae94df5378c80bfe332c24cff9280e3dd22e0d158db1363,removed,
apps/mobile/src/session/auth-failure.ts,460557a9a6ec8f6a39e0006e040ccbb2f4877466a1f8e1755652d137b392de6c,protocol-fixture,packages/protocol-fixtures/src/session/auth-failure.ts
apps/mobile/src/session/calendar-client.ts,0021495902936566f6fbd533c5edce987d65d88885b633f0a938569ab1d2772f,removed,
apps/mobile/src/session/chore-client.ts,72ce27e7b3b032a2d6802289a939ede46622dd47977ed37ec4b1e51ef1b0403b,removed,
apps/mobile/src/session/chore-reminder-client.ts,f33c03c67ea6503cd708d60df198100589cbc558b91a60751a6653734125a93d,removed,
apps/mobile/src/session/config.ts,de9cddab656f1cc8540ef8769163be3065e353db96e3961e25b45272ce701c25,protocol-fixture,packages/protocol-fixtures/src/session/config.ts
apps/mobile/src/session/contracts.ts,0800535d0e5928740b747683b9f1993bdda9b45a5021c39e2c270b5e638dcdb8,protocol-fixture,packages/protocol-fixtures/src/session/contracts.ts
apps/mobile/src/session/cooking-client.ts,45f71809fde9329f90e45430c5bc2de30b240be57a0db25853ebeb4d8690ddcf,removed,
apps/mobile/src/session/credentials.ts,a76e01c80d98636fb56fa6bdbdca2f1637bb08589d6b216ceca1110a24bf7ef8,protocol-fixture,packages/protocol-fixtures/src/session/credentials.ts
apps/mobile/src/session/food-client.ts,0c9fac6611b5481f12a59eb2949ef7c9436858877c155a5af933e2832204de52,removed,
apps/mobile/src/session/grocery-client.ts,013957d42b5e5d48fe3f3bff7bcadfeba400811192559efe3c1ef126b2715ae4,removed,
apps/mobile/src/session/grocery-reminder-client.ts,41101458d28c1c582cb2856ab3e6f997ff10f214b7c7e9ed7edf7701652728e8,removed,
apps/mobile/src/session/logout-rotation.ts,be5d88ee6fd2adc8b6f75f8ceb3bbe736dfc251287eaabbb2c03c6c790bcdf20,protocol-fixture,packages/protocol-fixtures/src/session/logout-rotation.ts
apps/mobile/src/session/meal-client.ts,f0172d66d60efcc7f60207b740ef1a3205b3897ffb4a3c08e98de70799e9e336,removed,
apps/mobile/src/session/meal-reminder-client.ts,9b8073a44f209e7bf1c853defdb76572d51cdc6ad22cea19c4d5c74f5ba6b3dc,removed,
apps/mobile/src/session/memory-client.ts,55f8528c4eba2d27088b0953ca56d44e2b7adaebceb486aadb339957c077859a,removed,
apps/mobile/src/session/money-client.ts,136386502910620d750de95e3ce5701c526c1c81790f1127d7d1ae05ac7045e1,removed,
apps/mobile/src/session/native-client.ts,d4bd5bd36913cb046e0d039d63fea3e45db93d9cc5e07aca2f0d2ffc9b862f98,removed,
apps/mobile/src/session/notification-client.ts,55c97d8bd4bbe0658fc5fe906537fdd4240a61b3374a59e23c5ab95f2f77e94d,removed,
apps/mobile/src/session/offline-verifier.ts,7f77cf784c4fa591ba252898f3feb68b4bef3c715580d9464df5eabdc3621356,protocol-fixture,packages/protocol-fixtures/src/session/offline-verifier.ts
apps/mobile/src/session/pending-logout-credentials.ts,833f429f136a88fc15ec6281caa84705c988e5b96788f7be9c8c846717a257a7,protocol-fixture,packages/protocol-fixtures/src/session/pending-logout-credentials.ts
apps/mobile/src/session/protected-session-record.ts,409a4fdefd3b707fc9188b6572bb84a745121ec58ef110ac47cdfcd5d5260d06,protocol-fixture,packages/protocol-fixtures/src/session/protected-session-record.ts
apps/mobile/src/session/protected-storage.ts,d7c80bf2c64e443106504b8a9884f70ac377237ee4330c34bd3be3be224ebaca,protocol-fixture,packages/protocol-fixtures/src/session/protected-storage.ts
apps/mobile/src/session/provider.tsx,69ce453c52d034154f75cf67e7a9e2d04206cb424849aa919fea31421d3a73db,removed,
apps/mobile/src/session/push-client.ts,52d56b6e9d662514be6e4f0fa546650d707987dd0f27513030747b04ab26bd42,removed,
apps/mobile/src/session/recurring-reminder-client.ts,677d1c13689ed9c2bb838120da007e5ebd9cc897de38b102a6f887ef03ddb30f,removed,
apps/mobile/src/session/refresh-logout.ts,a22bb77eb300e810f6e991d49a6620c8e1e7d437d603cd98b4464f68add7feef,protocol-fixture,packages/protocol-fixtures/src/session/refresh-logout.ts
apps/mobile/src/session/renewal-client.ts,cf26dba849ab7ab6ee918df14e249233c38ee616b2e594ef5cac723a370b298d,removed,
apps/mobile/src/session/renewal-reminder-client.ts,b0acc5e97170e9304a7e8a235f639a3fb8c87f38b6e67c615a1d3dffd27931ac,removed,
apps/mobile/src/session/routine-client.ts,86d1e26ca4ba8df7d74f3993436c57fec2be79fe1ad9c578c6989c358fa1633e,removed,
apps/mobile/src/session/setup-client.ts,3f856e4d5728e29c1e777706803d53d78909b694aa99b8c9c21d9f84d0d92d05,removed,
apps/mobile/src/session/sign-out.ts,345b57125544822b0b3bd8150d97c51b06866e13cf0bd323e471a7f7c91cc418,protocol-fixture,packages/protocol-fixtures/src/session/sign-out.ts
apps/mobile/src/session/subscription.ts,9de4861ef58f732ed87ae42fbb5793bc24fa2f9f11371fdcf4a4cf6d4d489050,protocol-fixture,packages/protocol-fixtures/src/session/subscription.ts
apps/mobile/src/session/token-identity.ts,f13a9873524623a7b1ab4a636ab496d8ed3b161a4c5c5b5c0673caee0b37144d,protocol-fixture,packages/protocol-fixtures/src/session/token-identity.ts
apps/mobile/src/session/verification.ts,28f5656a40a5ed13fd3824b321dc44644043e3db75764d76fc8815dff4821328,protocol-fixture,packages/protocol-fixtures/src/session/verification.ts
apps/mobile/src/setup/client.ts,500142aca0f6c3249ccb9d1ef12a52bbebacb6ffdbf3a046c65a11b7006e6869,protocol-fixture,packages/protocol-fixtures/src/setup/client.ts
apps/mobile/src/setup/meal-setup-prompt.tsx,ff86e0ddae1c55dfbd447a03f18d628e9a9410d30d1fa7c9a363e8ff3af443e8,removed,
apps/mobile/src/setup/owner.ts,94a5faa3c542e9598a646bc5640890270aa32e9cc6563ffc5b42b471c2edfb29,protocol-fixture,packages/protocol-fixtures/src/setup/owner.ts
apps/mobile/src/setup/runtime.ts,d100d04d7f41a432b8e61a41d67108d0232486bafe278716e318b84c756a9e99,protocol-fixture,packages/protocol-fixtures/src/setup/runtime.ts
apps/mobile/src/theme.ts,b6ef45e5faf4722590b0b826428834181716396b8c1d2a3d1eafa1afa707d624,removed,
apps/mobile/src/today/add-actions.tsx,70ce4b9cae0911f461651009a30d0c2e89be16fb528522f1f4a7d22516acf93c,removed,
apps/mobile/src/today/bills.tsx,b160fb747a4e6ef0bed9409e99a2f9267e8e0324d9327bcb11cf8b30bd6de21f,removed,
apps/mobile/src/today/calendar-rows.tsx,c84f72fc23160eb0b5be4909edeedef30615aa8559684e483d496c51fb3743ef,removed,
apps/mobile/src/today/calendar.tsx,f7e5bb523825ee4a0e4cb1fc63de5fa9b488aa2f4068c891ad1d9d115ca07c10,removed,
apps/mobile/src/today/daily-summary.tsx,41a2d80fe5112390d3bdafad06ac42e80acebbb8bc095838b55d45b739ce2c11,removed,
apps/mobile/src/today/groceries.tsx,9941c5c7333febc845343f9ea791b772e31d83844c6d0dd400ac43ec85d38e40,removed,
apps/mobile/src/today/meal-rows.tsx,921427c5f8c37298180b0a47c59fefa0474414aeb5a61ed7ef5fb38cc8134d4b,removed,
apps/mobile/src/today/meals.tsx,70016273caf0f92f124f8eaa096758502c01f095780038840f7b9c96ff7e6dc8,removed,
apps/mobile/src/today/menus.ios.tsx,59128dfb1768f74c7e5a43a5eb56bc415b3e40ad0fc5bb5fc5cc7b589b0f6c82,removed,
apps/mobile/src/today/menus.tsx,cef0a6716aead3818d9e90646e855f8528b3bc80f887209dde1c1a4500989bcc,removed,
apps/mobile/src/today/more-actions.ts,9e5fa16936112dd65cc6bee81f1b18d4808d3b44cf8d0e9411b6f3ffefb872ab,removed,
apps/mobile/src/today/pending-approvals.tsx,894dcf89545565267f185fc566d59671937760faa16dd03db8a4c526fb8e7c08,removed,
apps/mobile/src/today/renewals.tsx,f9279962e649facb8f6b078d0bfc99622f43c1fb227770464db287299b0c9f8c,removed,
apps/mobile/src/today/toolbar.tsx,b81ca0e2c1ba2321c6eafd7a50dfdf5f5ed0fbfa6326af64fc6bbca44f7bb0fe,removed,
apps/mobile/src/today/use-today-agenda.ts,43872a6d2b3e92e1fc71f927dd28293407d117491ea06e5e473040e5a4524dc1,removed,
apps/mobile/src/today/use-today-clock.ts,e2eba286f30d56482af78ef05829f700c524d3c0465ba8f32c6d6328a1fd56ec,removed,
apps/mobile/tests/assistant-action-results.test.mjs,56a16d863806bc0b545142c752c9029db3563413b154aaf04e3698c864eaddc9,protocol-fixture,packages/protocol-fixtures/tests/assistant-action-results.test.mjs
apps/mobile/tests/assistant-agenda-handoff.test.mjs,25ea4e439769a6f3201e1023ca554096fdffa025b70eac4d01d8eef09f8131f7,protocol-fixture,packages/protocol-fixtures/tests/assistant-agenda-handoff.test.mjs
apps/mobile/tests/assistant-chore-changes.test.mjs,7d02331122b19c8a51e72c2c2ce0859913a7baa7e2f3f2a4acdf44c2c6321cc3,protocol-fixture,packages/protocol-fixtures/tests/assistant-chore-changes.test.mjs
apps/mobile/tests/assistant-chore-transfers.test.mjs,bc53d48b8223b7583ada76e1185da96f78d4b1efac602cf86bb3bfb98dc157bb,protocol-fixture,packages/protocol-fixtures/tests/assistant-chore-transfers.test.mjs
apps/mobile/tests/assistant-client.test.mjs,75321bd33dc57950a04d2e90f58ba3f8975062a14a2542d145aa534f7ad4e7de,protocol-fixture,packages/protocol-fixtures/tests/assistant-client.test.mjs
apps/mobile/tests/assistant-expense.test.mjs,248cf85f71c8ef7abaae2b5512c1d02ad6a45c6a0f40a46ef3b9ae76f1b2a75c,protocol-fixture,packages/protocol-fixtures/tests/assistant-expense.test.mjs
apps/mobile/tests/assistant-ingredient-handoff.test.mjs,89874cf340dce0d39740a1e0bc7d0f3dc334758a5616200a1a89333718e7101e,protocol-fixture,packages/protocol-fixtures/tests/assistant-ingredient-handoff.test.mjs
apps/mobile/tests/assistant-leftovers-results.test.mjs,bf000d5cb7ad0ba59b0d50a14effb8c314d0b2e832b4af0ab56a883c4e81d4ae,protocol-fixture,packages/protocol-fixtures/tests/assistant-leftovers-results.test.mjs
apps/mobile/tests/assistant-meal-move.test.mjs,43ef643283b69646e72633723d925cdad849843db7801672892eda02c8e83891,protocol-fixture,packages/protocol-fixtures/tests/assistant-meal-move.test.mjs
apps/mobile/tests/assistant-meal-removal.test.mjs,d85ba8ab5a4147505d99777f8e675b43621fe50970b312e6f259423fb6971683,protocol-fixture,packages/protocol-fixtures/tests/assistant-meal-removal.test.mjs
apps/mobile/tests/assistant-meal-replacement.test.mjs,f5fce6151e6317f12f9fb576181095276a2517a4ee92a4f3ccb9c92ce8f39953,protocol-fixture,packages/protocol-fixtures/tests/assistant-meal-replacement.test.mjs
apps/mobile/tests/assistant-meals.test.mjs,d9eab7bb9c8279faaccb15b251f09831a8b8112252841281c4dad20c968c826c,protocol-fixture,packages/protocol-fixtures/tests/assistant-meals.test.mjs
apps/mobile/tests/assistant-notification-handoff.test.mjs,028e243114b0bbdba2deb00a8be3af8bc2ba511b52fc176005a62695f2cc158f,protocol-fixture,packages/protocol-fixtures/tests/assistant-notification-handoff.test.mjs
apps/mobile/tests/assistant-pending-approval-handoff.test.mjs,8bcaa8140f716488d03e4f1adc970835bc99e32b2280fc48d2bd17f8b3292be1,protocol-fixture,packages/protocol-fixtures/tests/assistant-pending-approval-handoff.test.mjs
apps/mobile/tests/assistant-preparation-edit-results.test.mjs,ed7c727ccd5c3ea49d127caf5138103c09cf1be33f2bc250fd6430d3f6232489,protocol-fixture,packages/protocol-fixtures/tests/assistant-preparation-edit-results.test.mjs
apps/mobile/tests/assistant-preparation-results.test.mjs,c8db30939cde83dcd71e6c85a1222e9c19b9ed820d77278c7210ca47de756edd,protocol-fixture,packages/protocol-fixtures/tests/assistant-preparation-results.test.mjs
apps/mobile/tests/assistant-proposals.test.mjs,67ee9b040d43c56f8f0de6a564231dd9c791fda837e26fdf6bbbb6de5bcb20cb,protocol-fixture,packages/protocol-fixtures/tests/assistant-proposals.test.mjs
apps/mobile/tests/assistant-receipt-handoff.test.mjs,8f98adfed2bdabe9100b8b284daa1466945227608f8bfcb9452d6b5c09ed596b,protocol-fixture,packages/protocol-fixtures/tests/assistant-receipt-handoff.test.mjs
apps/mobile/tests/assistant-recipe-edit.test.mjs,99e0fe43d903b23629caca38344ec9f489ac0d280e4dc0f735c8eb5994bb9d4d,protocol-fixture,packages/protocol-fixtures/tests/assistant-recipe-edit.test.mjs
apps/mobile/tests/assistant-recipe-results.test.mjs,ed4c00ee0fa8600052a7a946c73ba9365a4106eeafff06a72994e3825a648267,protocol-fixture,packages/protocol-fixtures/tests/assistant-recipe-results.test.mjs
apps/mobile/tests/assistant-settlement.test.mjs,e02ef9a8e6646c421955ce863336c0496753e1d396cfc85c98ded13b6c330947,protocol-fixture,packages/protocol-fixtures/tests/assistant-settlement.test.mjs
apps/mobile/tests/calendar-agenda-day.test.mjs,58513daf0190d38771106a832b9d7f234d6858eb26e2229e892c15870ef495fd,protocol-fixture,packages/protocol-fixtures/tests/calendar-agenda-day.test.mjs
apps/mobile/tests/calendar-agenda-runtime-fixture.mjs,fb96319fb557d7eb97fa9a8ba3ed9190c8f503cbee310b450c2b473ff5cadaeb,protocol-fixture,packages/protocol-fixtures/tests/calendar-agenda-runtime-fixture.mjs
apps/mobile/tests/calendar-agenda-runtime.test.mjs,886e542c22121f61e760e4c96b2134ec73888e1f78c404beec8b66d1b9f84aaa,protocol-fixture,packages/protocol-fixtures/tests/calendar-agenda-runtime.test.mjs
apps/mobile/tests/calendar-agenda-selection.test.mjs,5e922571bdabde0aa3bdfb6cf06b44c08f1fd643fb96fae3a0c9f4ada22e447e,protocol-fixture,packages/protocol-fixtures/tests/calendar-agenda-selection.test.mjs
apps/mobile/tests/calendar-agenda-when.test.mjs,0330fc7b1180b8f7c2497f550cadbcce76108a95135d3cf7ab3ce6484792cf16,protocol-fixture,packages/protocol-fixtures/tests/calendar-agenda-when.test.mjs
apps/mobile/tests/calendar-agenda.test.mjs,d4a74ca797f91a9ce75893f8c23769b1b94726000f6c4b1114d88bf0c65daa63,protocol-fixture,packages/protocol-fixtures/tests/calendar-agenda.test.mjs
apps/mobile/tests/calendar-chore-warning.test.mjs,e5effa4f43e63e5faaf6d342a8199415ba4e50fb7171b59173e107a1dfe98657,protocol-fixture,packages/protocol-fixtures/tests/calendar-chore-warning.test.mjs
apps/mobile/tests/calendar-chores.test.mjs,1ca5e57b883138c105d819e49185e51f0d3d974b2945e6954a740a5280a08fd6,protocol-fixture,packages/protocol-fixtures/tests/calendar-chores.test.mjs
apps/mobile/tests/calendar-client.test.mjs,ba651955180d28d6bff35b3ed83b261ed78539fc82f951547824f70a5485b6ae,protocol-fixture,packages/protocol-fixtures/tests/calendar-client.test.mjs
apps/mobile/tests/calendar-device-projection.test.mjs,2b9ae8166ab3327927918279e632271df9554229a128bd8e22c5c5dc700d961f,protocol-fixture,packages/protocol-fixtures/tests/calendar-device-projection.test.mjs
apps/mobile/tests/calendar-owner.test.mjs,dd8c5bf1ce296edd01394f32f66d80725033f37cfc69bca9c6812ba93d2eb089,protocol-fixture,packages/protocol-fixtures/tests/calendar-owner.test.mjs
apps/mobile/tests/calendar-partner.test.mjs,cb79f77828f83703b33dd737ad0087cf45d470769ee9614afb30aff6947276c5,protocol-fixture,packages/protocol-fixtures/tests/calendar-partner.test.mjs
apps/mobile/tests/calendar-properties.test.mjs,e78dc35df499999b8748323e0d0641a5f97578e940c7a3691627acb7d38ac1c2,protocol-fixture,packages/protocol-fixtures/tests/calendar-properties.test.mjs
apps/mobile/tests/calendar-route-date.test.mjs,0fdd8be8c3ac19921b80e772277569d789d3ba2f9292c9297f5f75b15215d4ca,protocol-fixture,packages/protocol-fixtures/tests/calendar-route-date.test.mjs
apps/mobile/tests/calendar-sharing.test.mjs,9d825abb6a4f684d3f90271bf6d89d35b036058b24c6e4771d47d8ff1b94a2ca,protocol-fixture,packages/protocol-fixtures/tests/calendar-sharing.test.mjs
apps/mobile/tests/calendar-warning-decision.test.mjs,94a23f0e1c066e2c64fb16fde73d137461dcf655ac0854b7f9dd78ee26f119f1,protocol-fixture,packages/protocol-fixtures/tests/calendar-warning-decision.test.mjs
apps/mobile/tests/calendar.test.mjs,9fcec95bcf455572e62cb7e306709d1b24e7a69896d0c831f702ae904503c6b7,protocol-fixture,packages/protocol-fixtures/tests/calendar.test.mjs
apps/mobile/tests/chore-changes.test.mjs,881046c5a971cfb33151a1f2edc8b3bd4f5433ee77832c44f63089d0e8932540,protocol-fixture,packages/protocol-fixtures/tests/chore-changes.test.mjs
apps/mobile/tests/chore-client.test.mjs,8cfb2a54297e127f99ec59e2a5ec750512226e3c7e1af3fdf1abbc0750ca8a2e,protocol-fixture,packages/protocol-fixtures/tests/chore-client.test.mjs
apps/mobile/tests/chore-credentials.test.mjs,571fbc7fd230539bcc408e17b911f436274fb6488391eef5b1be1775ea419194,protocol-fixture,packages/protocol-fixtures/tests/chore-credentials.test.mjs
apps/mobile/tests/chore-flow.test.mjs,a2e22056657b29eaef05b22ac1ce8f2f927173dd64128dc67ffd573f9751cd14,protocol-fixture,packages/protocol-fixtures/tests/chore-flow.test.mjs
apps/mobile/tests/chore-reminder-editor.test.mjs,17a3cccb9ced06064d54e8b18742fa22ec8778b089d1ecf57aaefd17dc335406,protocol-fixture,packages/protocol-fixtures/tests/chore-reminder-editor.test.mjs
apps/mobile/tests/chore-snapshot-fixture.mjs,a706deb0849c7c9e06d0698e20d20c49225d08df13e0996c2f8eae1ef0333404,protocol-fixture,packages/protocol-fixtures/tests/chore-snapshot-fixture.mjs
apps/mobile/tests/chore-transfers.test.mjs,ae05525c790127332b78e66edb3c4155880684f0fd5fe7d5c5f86b9c5d7a0e4e,protocol-fixture,packages/protocol-fixtures/tests/chore-transfers.test.mjs
apps/mobile/tests/cooking-client.test.mjs,65a4e69aab179bf9b0b38d283d2fa903c00a2c1324c3257f4e58987c835af6d1,protocol-fixture,packages/protocol-fixtures/tests/cooking-client.test.mjs
apps/mobile/tests/food-client.test.mjs,312f7e2392cbff81210dfac7616e007dc0af9e7716faea4ca1ab66b33cea3634,protocol-fixture,packages/protocol-fixtures/tests/food-client.test.mjs
apps/mobile/tests/food-runtime.test.mjs,70564201557d10208da51527d52fb618f4a788134b6738439683500092b26fd2,protocol-fixture,packages/protocol-fixtures/tests/food-runtime.test.mjs
apps/mobile/tests/grocery-checklist-view.test.mjs,f153d17cba191c7660278ba2ce047f5b3b4c830e816aee3540c55f12b0332237,protocol-fixture,packages/protocol-fixtures/tests/grocery-checklist-view.test.mjs
apps/mobile/tests/grocery-client.test.mjs,c7333f7516d251658dc0f293eef39eebf38b05acccd0c264bc20c52c728034bf,protocol-fixture,packages/protocol-fixtures/tests/grocery-client.test.mjs
apps/mobile/tests/grocery-editing-client.test.mjs,d4036c9f9902a6984b6c003f005250be311ea9293f32198c7202f64eb1c5b2d5,protocol-fixture,packages/protocol-fixtures/tests/grocery-editing-client.test.mjs
apps/mobile/tests/grocery-editor.test.mjs,f067380e6771ae6140b86f1e58c6c65f5cfb03ec38f79325084c198c1ca6c490,protocol-fixture,packages/protocol-fixtures/tests/grocery-editor.test.mjs
apps/mobile/tests/grocery-flow.test.mjs,d261c90f1b40ec5f008321752068efe974eb6171c65dc52076a9bb7d844a25be,protocol-fixture,packages/protocol-fixtures/tests/grocery-flow.test.mjs
apps/mobile/tests/grocery-reminder-editor.test.mjs,833825fc8452b251b36a3e04362f90ed55d7a497d2697e6585258443662a022d,protocol-fixture,packages/protocol-fixtures/tests/grocery-reminder-editor.test.mjs
apps/mobile/tests/integration/assistant-roundtrip.test.mjs,f47f828e3028c9b7cf328ea158dcdd5e7fe3294982cec50283fdaf2a40db46fa,protocol-fixture,packages/protocol-fixtures/tests/integration/assistant-roundtrip.test.mjs
apps/mobile/tests/integration/calendar-roundtrip.test.mjs,23d4e7710cfc8746992b0813ea3a6fa4fde2b63f5b96d52c7b12b5a0d03cedbb,protocol-fixture,packages/protocol-fixtures/tests/integration/calendar-roundtrip.test.mjs
apps/mobile/tests/integration/chore-changes-roundtrip.test.mjs,84ad0c610031e89ca287b0cd76ac428932d6978f1089d428816bcb3e8196622e,protocol-fixture,packages/protocol-fixtures/tests/integration/chore-changes-roundtrip.test.mjs
apps/mobile/tests/integration/chore-roundtrip.test.mjs,2eb5d46104e86b6eb7ba9da7e717bb0888eca488a9185b143adb06738f487311,protocol-fixture,packages/protocol-fixtures/tests/integration/chore-roundtrip.test.mjs
apps/mobile/tests/integration/chore-transfer-fixture.mjs,824d711f95d3a9cd42bad7c18e77d7c88901aff709c83ba5dc504921bc466030,protocol-fixture,packages/protocol-fixtures/tests/integration/chore-transfer-fixture.mjs
apps/mobile/tests/integration/chore-transfers-roundtrip.test.mjs,21caf8c35d54008f3d5ec06bf1ff2c809af07d709ec1cfe2c3b63cbd3c2ec22e,protocol-fixture,packages/protocol-fixtures/tests/integration/chore-transfers-roundtrip.test.mjs
apps/mobile/tests/integration/cooking-roundtrip.test.mjs,f721e7e8d21de75ee93116da35d80c6b8e811b2ade49b75a7af097dbda67f55f,protocol-fixture,packages/protocol-fixtures/tests/integration/cooking-roundtrip.test.mjs
apps/mobile/tests/integration/food-roundtrip.test.mjs,bedd46a8aaa00675b915243e02582ad48a8d55686518dfb695e6bb6f26408446,protocol-fixture,packages/protocol-fixtures/tests/integration/food-roundtrip.test.mjs
apps/mobile/tests/integration/grocery-editor-roundtrip.test.mjs,190aa61b4d7dd551bd08944e7fae274cab301fbc6c119b8694ca5af126750d13,protocol-fixture,packages/protocol-fixtures/tests/integration/grocery-editor-roundtrip.test.mjs
apps/mobile/tests/integration/grocery-roundtrip.test.mjs,83ca65017cf79502f71264f2c9923babe1e8b3ed380b8988e79696e0632e36bf,protocol-fixture,packages/protocol-fixtures/tests/integration/grocery-roundtrip.test.mjs
apps/mobile/tests/integration/meal-move-roundtrip.test.mjs,2e946f2d1a889135de9af206b0c0ef60512129fb0accb29a72686b4812f0e3d2,protocol-fixture,packages/protocol-fixtures/tests/integration/meal-move-roundtrip.test.mjs
apps/mobile/tests/integration/meal-placement-roundtrip.test.mjs,6c14a38d82a3333c48e0a41955cf25c5df636d60be6d4399c297e3b0d6565d50,protocol-fixture,packages/protocol-fixtures/tests/integration/meal-placement-roundtrip.test.mjs
apps/mobile/tests/integration/meal-removal-roundtrip.test.mjs,a7c351719bd8055ce8e0d593fb4c3feeb952f0f05f75f2b078c9024a89322915,protocol-fixture,packages/protocol-fixtures/tests/integration/meal-removal-roundtrip.test.mjs
apps/mobile/tests/integration/meal-replacement-roundtrip.test.mjs,30c0407eb320e28e8764f247cd3c7bba67c80c8837e50100d5ec394236210378,protocol-fixture,packages/protocol-fixtures/tests/integration/meal-replacement-roundtrip.test.mjs
apps/mobile/tests/integration/meal-week-roundtrip.test.mjs,2db4c532e664c35803d5b20d7975ef14ecac7096cb778eff2b72815689a9c8aa,protocol-fixture,packages/protocol-fixtures/tests/integration/meal-week-roundtrip.test.mjs
apps/mobile/tests/integration/memory-roundtrip.test.mjs,095736aec9067f6e048e4f5d2ae8355f3f9d82aebffcb664e6667fd3db04d591,protocol-fixture,packages/protocol-fixtures/tests/integration/memory-roundtrip.test.mjs
apps/mobile/tests/integration/notification-roundtrip.test.mjs,e2b9e251f480013cd52d812a9dfdd589b7cef597c65a4386b98185912f261ec9,protocol-fixture,packages/protocol-fixtures/tests/integration/notification-roundtrip.test.mjs
apps/mobile/tests/integration/routine-edit-roundtrip.test.mjs,573c7f4513a14fdb23fa8b60c760584465fb2458b654fc7c2011ef30431aafc9,protocol-fixture,packages/protocol-fixtures/tests/integration/routine-edit-roundtrip.test.mjs
apps/mobile/tests/integration/routine-roundtrip.test.mjs,a6afad58ce2e2b4cc1d0eaaa9c15e3b924b472685779a8341f43578c72f95c9f,protocol-fixture,packages/protocol-fixtures/tests/integration/routine-roundtrip.test.mjs
apps/mobile/tests/integration/routine-state-roundtrip.test.mjs,4b2831a085a8a793036d2d140325048fe6df0aabb94b2bbe5d25067b3e265251,protocol-fixture,packages/protocol-fixtures/tests/integration/routine-state-roundtrip.test.mjs
apps/mobile/tests/integration/setup-roundtrip.test.mjs,19e72602972a0f6015045df3a84d206ec3e16d4600203e3a35c7d8e5a1187a6e,protocol-fixture,packages/protocol-fixtures/tests/integration/setup-roundtrip.test.mjs
apps/mobile/tests/meal-cache.test.mjs,1827b2f867ef11cf34542772733535004861fbfe7b318010a9a3e52b62089f43,protocol-fixture,packages/protocol-fixtures/tests/meal-cache.test.mjs
apps/mobile/tests/meal-client.test.mjs,29dfadab02e1435605364f0103c0829c0c2e021fc17a4d8b4c0b51c709f31f7b,protocol-fixture,packages/protocol-fixtures/tests/meal-client.test.mjs
apps/mobile/tests/meal-ingredient-client.test.mjs,70a246d1142c6599fbaea88d8428f84ea3a383f5cb920a40fbb430b47d5201c4,protocol-fixture,packages/protocol-fixtures/tests/meal-ingredient-client.test.mjs
apps/mobile/tests/meal-ingredient-runtime.test.mjs,23273833c9e514af28da90471d06443b231ce088be181dab0de2477035888208,protocol-fixture,packages/protocol-fixtures/tests/meal-ingredient-runtime.test.mjs
apps/mobile/tests/meal-ingredient-storage.test.mjs,15540c70baadf9509c4f313841adb2ba0c88bccbb793114621aa674685b2f8e9,protocol-fixture,packages/protocol-fixtures/tests/meal-ingredient-storage.test.mjs
apps/mobile/tests/meal-leftovers-client.test.mjs,1885ea01832a2bcf4ad3ffe51d9be383e1a049e8ef8c11ba4025f3868da774ae,protocol-fixture,packages/protocol-fixtures/tests/meal-leftovers-client.test.mjs
apps/mobile/tests/meal-leftovers-runtime.test.mjs,a192f358281639b34c0cddbb8b568272023f45ddf5963762edd5c01ef1ee8a86,protocol-fixture,packages/protocol-fixtures/tests/meal-leftovers-runtime.test.mjs
apps/mobile/tests/meal-library-client.test.mjs,cc39825c834071caab2ef86e25ab2d03a6c71d606004648d92ee891e6c29fa7f,protocol-fixture,packages/protocol-fixtures/tests/meal-library-client.test.mjs
apps/mobile/tests/meal-library-fixture.mjs,ad2685e5c33ae281db49d3395cb8075ecd2a15c05d332b8b41fa96424036117d,protocol-fixture,packages/protocol-fixtures/tests/meal-library-fixture.mjs
apps/mobile/tests/meal-library-runtime.test.mjs,67b780c941844d7134bf6db6e79959071049498d4f3467f16e2d1b069abc0bfa,protocol-fixture,packages/protocol-fixtures/tests/meal-library-runtime.test.mjs
apps/mobile/tests/meal-move-client.test.mjs,c0276d325e556eba73966c3d8dc5216d4dc732becf4d5b2deb28e0f54381a6f1,protocol-fixture,packages/protocol-fixtures/tests/meal-move-client.test.mjs
apps/mobile/tests/meal-move-runtime.test.mjs,5d892fb8fa956d52b4cca6de62bca1197dcbb0828ab0eff957aee64af5af2a53,protocol-fixture,packages/protocol-fixtures/tests/meal-move-runtime.test.mjs
apps/mobile/tests/meal-placement-client.test.mjs,451d784c33d2ee82595752e2c43547e65915a19c7c1a319d5f87459869cc8ba7,protocol-fixture,packages/protocol-fixtures/tests/meal-placement-client.test.mjs
apps/mobile/tests/meal-placement-runtime.test.mjs,1c3d1db93b82b165360355abfd4239820700111651436ccfc0d2616d8af89706,protocol-fixture,packages/protocol-fixtures/tests/meal-placement-runtime.test.mjs
apps/mobile/tests/meal-planned-cache.test.mjs,844b361471ba941934da04674ed0570b6344690cb6578437b2d5f51705df03d6,protocol-fixture,packages/protocol-fixtures/tests/meal-planned-cache.test.mjs
apps/mobile/tests/meal-planned-runtime.test.mjs,29e60e3651bb3101fa3c75b59a8df612df73d4e906d97853dea6a97f545cf96e,protocol-fixture,packages/protocol-fixtures/tests/meal-planned-runtime.test.mjs
apps/mobile/tests/meal-preparation-client.test.mjs,67e886ff2bc8da536cffde9377e4c936d8dde2e04927b3f65a39561943f02062,protocol-fixture,packages/protocol-fixtures/tests/meal-preparation-client.test.mjs
apps/mobile/tests/meal-preparation-edit-client.test.mjs,af6146b06e6ed63966bd5c6d2e1e58ff71d609f2e64e7b777613599690f63ada,protocol-fixture,packages/protocol-fixtures/tests/meal-preparation-edit-client.test.mjs
apps/mobile/tests/meal-preparation-edit-draft.test.mjs,be722064c3f7d735c0a3277c97caeba4fab0ebb45407847f1f4f262048c95d6c,protocol-fixture,packages/protocol-fixtures/tests/meal-preparation-edit-draft.test.mjs
apps/mobile/tests/meal-preparation-edit-owner.test.mjs,36158f279ee5558a11d022be2e602cca7174ca33ede6352b0a9a51e3c589b045,protocol-fixture,packages/protocol-fixtures/tests/meal-preparation-edit-owner.test.mjs
apps/mobile/tests/meal-preparation-edit-runtime.test.mjs,5635a97eaf7966624f888a593161e95fce90f8f91ec30784373d08b59ce5308c,protocol-fixture,packages/protocol-fixtures/tests/meal-preparation-edit-runtime.test.mjs
apps/mobile/tests/meal-preparation-owner.test.mjs,c62ec3586509e4f1d4c14872f637559ccba228eaeb1362c1c743687b0a7538e7,protocol-fixture,packages/protocol-fixtures/tests/meal-preparation-owner.test.mjs
apps/mobile/tests/meal-preparation-runtime.test.mjs,1aeb48eec198579623ffbc4ae2eeef4fbde22bb0e27e14f168ad4afc9517f575,protocol-fixture,packages/protocol-fixtures/tests/meal-preparation-runtime.test.mjs
apps/mobile/tests/meal-proposal-approval.test.mjs,f12305c2f1d9b99dd93cc67f3d2d884d27138239b8aae312d7ef65fc98c5b2f1,protocol-fixture,packages/protocol-fixtures/tests/meal-proposal-approval.test.mjs
apps/mobile/tests/meal-proposal-client.test.mjs,b349fd666c213d3d42018424c7f06fbee7286fa93e60e5306e4d7f90a23314d2,protocol-fixture,packages/protocol-fixtures/tests/meal-proposal-client.test.mjs
apps/mobile/tests/meal-proposal-edit-client.test.mjs,49b8f96f453c4cc4f6120716fe95492be951df28ea525efbf6c00d453eff2077,protocol-fixture,packages/protocol-fixtures/tests/meal-proposal-edit-client.test.mjs
apps/mobile/tests/meal-proposal-edit.test.mjs,ceffcb4ce30b77e9cdd9580f390d80112c3219b4f0f34f89febe88af5f1db262,protocol-fixture,packages/protocol-fixtures/tests/meal-proposal-edit.test.mjs
apps/mobile/tests/meal-proposal-fixture.mjs,e16f56193df5cbb1bd8ba24b8013c9b4174afeb9ee993023440902877fa90b6c,protocol-fixture,packages/protocol-fixtures/tests/meal-proposal-fixture.mjs
apps/mobile/tests/meal-proposal-handoff.test.mjs,0aafa8a4e0756e7db73a8e5c290ddb972ec916434e1da550eaa3ea2c3f4727ad,protocol-fixture,packages/protocol-fixtures/tests/meal-proposal-handoff.test.mjs
apps/mobile/tests/meal-proposal-runtime.test.mjs,5169192b545f30a8eab33c56acb49c5997cdad95ad5e2e6744437ee96700c020,protocol-fixture,packages/protocol-fixtures/tests/meal-proposal-runtime.test.mjs
apps/mobile/tests/meal-proposal-storage.test.mjs,428e9240c2b944cbb48e216d42a78979ad3c56da00cacea5979c5b4f1abf554f,protocol-fixture,packages/protocol-fixtures/tests/meal-proposal-storage.test.mjs
apps/mobile/tests/meal-recipe-archive-client.test.mjs,10874f7ec43b99314b449819f6cdaf069c1a37a211569f42e3cb2b31a187bf0c,protocol-fixture,packages/protocol-fixtures/tests/meal-recipe-archive-client.test.mjs
apps/mobile/tests/meal-recipe-archive-runtime.test.mjs,1bdae1d4f725084b740e01c80eb30e685a8b27de34a7bf40f93fcbc5a33cfe3b,protocol-fixture,packages/protocol-fixtures/tests/meal-recipe-archive-runtime.test.mjs
apps/mobile/tests/meal-recipe-creation-client.test.mjs,d30f0390ca01a313196a956904b774685df0ee628550eb8f421390315e1dfc7b,protocol-fixture,packages/protocol-fixtures/tests/meal-recipe-creation-client.test.mjs
apps/mobile/tests/meal-recipe-creation-runtime.test.mjs,52084178708f47f0efeba5af51d22cf5dd69a44a86cf726ecca03629f01567b5,protocol-fixture,packages/protocol-fixtures/tests/meal-recipe-creation-runtime.test.mjs
apps/mobile/tests/meal-recipe-edit-client.test.mjs,85c01dcd29fd6ab01fbd0748486ead7a2981bf189644a3c83d642e48c5fb0058,protocol-fixture,packages/protocol-fixtures/tests/meal-recipe-edit-client.test.mjs
apps/mobile/tests/meal-recipe-edit-draft.test.mjs,4932d2394006ba26e0784520cde3ad88661d52431724da5e7161742d57253baf,protocol-fixture,packages/protocol-fixtures/tests/meal-recipe-edit-draft.test.mjs
apps/mobile/tests/meal-recipe-edit-runtime.test.mjs,a1a21c865d69394777a9dc97ae4f804c4ff1c375bb8bef0ae173c5c15a1d018f,protocol-fixture,packages/protocol-fixtures/tests/meal-recipe-edit-runtime.test.mjs
apps/mobile/tests/meal-recipe-link.test.mjs,98fd178d5ab26e08a4aa8c722a47d7fb08ea476c397a42024c25a69d302f0ac1,protocol-fixture,packages/protocol-fixtures/tests/meal-recipe-link.test.mjs
apps/mobile/tests/meal-recipe-selection-client.test.mjs,840ea523195030927c4c348f3741afd08f81e0b190c8c269e2a72a66b7078be9,protocol-fixture,packages/protocol-fixtures/tests/meal-recipe-selection-client.test.mjs
apps/mobile/tests/meal-reminder-editor.test.mjs,2a867f97b700526ef3e43c9fb1bfa14e8486b2613e1be104d392887b1484a256,protocol-fixture,packages/protocol-fixtures/tests/meal-reminder-editor.test.mjs
apps/mobile/tests/meal-removal-client.test.mjs,ac036ccbd710d4e8abc9f3c730bc43b6896fc90602faf8f1e1615bc8c66d1d90,protocol-fixture,packages/protocol-fixtures/tests/meal-removal-client.test.mjs
apps/mobile/tests/meal-removal-runtime.test.mjs,0b4b1893ec550af9d64fa97c8ee56567fc9d527d807770fd08793ded1e9393a5,protocol-fixture,packages/protocol-fixtures/tests/meal-removal-runtime.test.mjs
apps/mobile/tests/meal-replacement-client.test.mjs,897ed62c87013007ada760d41d5de90a1235eea771b95e9ce938733b28734cc6,protocol-fixture,packages/protocol-fixtures/tests/meal-replacement-client.test.mjs
apps/mobile/tests/meal-replacement-runtime.test.mjs,b1c4e367b537e5a6d3aedca94cf58056bffdc1f87c7b6e715944b69c55c467c4,protocol-fixture,packages/protocol-fixtures/tests/meal-replacement-runtime.test.mjs
apps/mobile/tests/meal-runtime.test.mjs,33578bea5c3e7e934989da5378f0923ef046ebb6144b586dd60e9b3af26dc4c2,protocol-fixture,packages/protocol-fixtures/tests/meal-runtime.test.mjs
apps/mobile/tests/meal-selection-runtime.test.mjs,c6167452d1cb6bf2b7c790648e87099bd113336901631406e44ab35b8630fdf8,protocol-fixture,packages/protocol-fixtures/tests/meal-selection-runtime.test.mjs
apps/mobile/tests/memory-client.test.mjs,6ae0e2b4914e92cb11c4adb5537aa7268f37eed1c74c137cd31abcf6d30d65f9,protocol-fixture,packages/protocol-fixtures/tests/memory-client.test.mjs
apps/mobile/tests/memory-runtime.test.mjs,0c2cbfafc48d30f0213633f3ed1b11a70d42d950780e1d1fb6238b1d34efd113,protocol-fixture,packages/protocol-fixtures/tests/memory-runtime.test.mjs
apps/mobile/tests/money-approval-client.test.mjs,0352d2266a0d8f6e3371abbad3e74f3e9da75e35622b3a6fa7ed52e5a9bdaf7a,protocol-fixture,packages/protocol-fixtures/tests/money-approval-client.test.mjs
apps/mobile/tests/money-approval-fixture.mjs,8061c30d41def587f16953fa7c0d9f5000f95e65ee118fb3a04dd770cab14573,protocol-fixture,packages/protocol-fixtures/tests/money-approval-fixture.mjs
apps/mobile/tests/money-approval-recovery.test.mjs,0ff893a5148d1d72130f9adaccfd9b3985846fe2564de4a59065e82a85a2b8f7,protocol-fixture,packages/protocol-fixtures/tests/money-approval-recovery.test.mjs
apps/mobile/tests/money-approval-screen.test.mjs,a19bd017bc129642ed86fd78cb12fc89b0cec1549fd7b98df2667b3dc336fc74,protocol-fixture,packages/protocol-fixtures/tests/money-approval-screen.test.mjs
apps/mobile/tests/money-approval-storage.test.mjs,7cb0a90a4b4117396b9e2b453091fb2b69422f74719f8a63d2245f8f3c6d0127,protocol-fixture,packages/protocol-fixtures/tests/money-approval-storage.test.mjs
apps/mobile/tests/money-cache-fixture.mjs,09e9be1ea881d41d5cb5175b9fcacaeb53d41fa66280e27c39772254b9a13861,protocol-fixture,packages/protocol-fixtures/tests/money-cache-fixture.mjs
apps/mobile/tests/money-categories-client.test.mjs,34e352c9fc1452d306f6e27a5ee648f5ccb987437fdb9800d680bb60da950ed9,protocol-fixture,packages/protocol-fixtures/tests/money-categories-client.test.mjs
apps/mobile/tests/money-client.test.mjs,4ef5eddf33b77e87d01696668454fe20bd6bbbb6d77a1997d93879a955fe6e69,protocol-fixture,packages/protocol-fixtures/tests/money-client.test.mjs
apps/mobile/tests/money-correction-approval-client.test.mjs,f5810542d22ffca0eddbcb13449dcadb5306d9d90049fb23f4318dfe98db26ce,protocol-fixture,packages/protocol-fixtures/tests/money-correction-approval-client.test.mjs
apps/mobile/tests/money-correction-approval-fixture.mjs,a300a68ec06b8a018e4f015e4f5b9c9c6033bdf56c664e7f74d82cca3d9dd198,protocol-fixture,packages/protocol-fixtures/tests/money-correction-approval-fixture.mjs
apps/mobile/tests/money-correction-approval-recovery.test.mjs,44b08290fc6efbe4850e5b0c33b0e375a5626adcffc9f962de5ed79fba555cac,protocol-fixture,packages/protocol-fixtures/tests/money-correction-approval-recovery.test.mjs
apps/mobile/tests/money-correction-approval-screen.test.mjs,5110bf234ecff2513273194d400217c981df28a8e1e2128d1807d4e6801cc771,protocol-fixture,packages/protocol-fixtures/tests/money-correction-approval-screen.test.mjs
apps/mobile/tests/money-correction-approval-storage.test.mjs,9f28441ebabfa5fa2ab9a801aabaec7c33034c90e6aedefbdb24ce886827fafe,protocol-fixture,packages/protocol-fixtures/tests/money-correction-approval-storage.test.mjs
apps/mobile/tests/money-correction-client.test.mjs,568b4d5e21884e32ca5b24652f756ab91fa3ee8dedd4c73415063224e1d24145,protocol-fixture,packages/protocol-fixtures/tests/money-correction-client.test.mjs
apps/mobile/tests/money-correction-draft-fixture.mjs,5c90851facbbf2ab2a3530c64d8586d9a1020cf529d8b3b8ca70667a8b70d3d8,protocol-fixture,packages/protocol-fixtures/tests/money-correction-draft-fixture.mjs
apps/mobile/tests/money-correction-draft.test.mjs,63d28b346c1945576753cda5e3ada20affe9f2dc6ba5ed598907ae13a34062cf,protocol-fixture,packages/protocol-fixtures/tests/money-correction-draft.test.mjs
apps/mobile/tests/money-correction-leave.test.mjs,dea8041524d3e02eac319bcaec03c66201a1b9647df20eeb0bd8a7b76042a17d,protocol-fixture,packages/protocol-fixtures/tests/money-correction-leave.test.mjs
apps/mobile/tests/money-correction-save-fixture.mjs,ec401e16c8126a72854788cbafa87a46853a68836f2ea86d0645e7e70047ff7e,protocol-fixture,packages/protocol-fixtures/tests/money-correction-save-fixture.mjs
apps/mobile/tests/money-correction-save-runtime.test.mjs,dda64c76f27b59447f9c6f5e5eb1d7e740484e0b5bcde0a9c20fd49c97a57be2,protocol-fixture,packages/protocol-fixtures/tests/money-correction-save-runtime.test.mjs
apps/mobile/tests/money-correction-save-storage.test.mjs,2810191b506373ccae773d232fda5cf5a1dc7e6d998799d2cc1f4224efc3723a,protocol-fixture,packages/protocol-fixtures/tests/money-correction-save-storage.test.mjs
apps/mobile/tests/money-date-format.test.mjs,8f0e9875d643d6a9d5264089533dea55da42985f8b89af82da384a5bf9d05b9f,protocol-fixture,packages/protocol-fixtures/tests/money-date-format.test.mjs
apps/mobile/tests/money-entry-options.test.mjs,df5f32d46a62927b2c7be8a28266f4fc8e7189f920f6f6549f8a531ccc79df12,protocol-fixture,packages/protocol-fixtures/tests/money-entry-options.test.mjs
apps/mobile/tests/money-expense-client.test.mjs,aaccf296648b27d95ca17dbd7bc285aafa9ecadaa24ea89253e0a546cb845838,protocol-fixture,packages/protocol-fixtures/tests/money-expense-client.test.mjs
apps/mobile/tests/money-expense-draft.test.mjs,0c326707e50fdb3e79078e9def33d147360c6c15d8c182bdb2e5173e3faab437,protocol-fixture,packages/protocol-fixtures/tests/money-expense-draft.test.mjs
apps/mobile/tests/money-expense-receipt-draft.test.mjs,923f10207630f6cb009d313bee2d10970daab753e6efcf000ebaad1f83684b6c,protocol-fixture,packages/protocol-fixtures/tests/money-expense-receipt-draft.test.mjs
apps/mobile/tests/money-format.test.mjs,a59c807b50b3f5c6b1ac5a1e5ca9985dec32956546f880b8a3a3b104158720cd,protocol-fixture,packages/protocol-fixtures/tests/money-format.test.mjs
apps/mobile/tests/money-grocery-draft.test.mjs,135f74d88a52460764dbdb1834aa7466aba21b0883b5b9b2e8304e6c5191f5ff,protocol-fixture,packages/protocol-fixtures/tests/money-grocery-draft.test.mjs
apps/mobile/tests/money-manual-save-storage.test.mjs,ef116b40159703730a9b824e9211b1c953c87c6eb18e66ac2b3e83ced24d6104,protocol-fixture,packages/protocol-fixtures/tests/money-manual-save-storage.test.mjs
apps/mobile/tests/money-pending-approval-client.test.mjs,281cda13d7fa4410fb5ab71b8983112dc0aec216d57cea411ca3ea2445cd377b,protocol-fixture,packages/protocol-fixtures/tests/money-pending-approval-client.test.mjs
apps/mobile/tests/money-receipt-attachment.test.mjs,5d5f49fb2a4f38b63130861efef5252ddc4d6b9cd70c9ae96833be794dcc515e,protocol-fixture,packages/protocol-fixtures/tests/money-receipt-attachment.test.mjs
apps/mobile/tests/money-receipt-cleanup-client.test.mjs,24bd5240755e214ece2f2e52acc5c7fe271ccf4c11839522ba9d15f01aaf9fca,protocol-fixture,packages/protocol-fixtures/tests/money-receipt-cleanup-client.test.mjs
apps/mobile/tests/money-receipt-client.test.mjs,b7f9e7b792f9acee2f635cea86449e979f18c2713bfdca53de884c51dc095f88,protocol-fixture,packages/protocol-fixtures/tests/money-receipt-client.test.mjs
apps/mobile/tests/money-receipt-recovery.test.mjs,b19367557beeb8c76ca4bcf6c827c559d188beec7241c64d9f59e88013a00fd9,protocol-fixture,packages/protocol-fixtures/tests/money-receipt-recovery.test.mjs
apps/mobile/tests/money-receipt-removal.test.mjs,9e5ca8a5930fadd35478e350a8dd60da76f6093f1abcbe59880da33fea0ba9e2,protocol-fixture,packages/protocol-fixtures/tests/money-receipt-removal.test.mjs
apps/mobile/tests/money-receipt-selection.test.mjs,3c6e8d6c41a51b1c4d98823b6219e34e08345a26e8d886a2474b89bc90bac9e1,protocol-fixture,packages/protocol-fixtures/tests/money-receipt-selection.test.mjs
apps/mobile/tests/money-receipt-upload-client.test.mjs,90f0c0b818d31b394951eb655318d01300aa9039b9eb2d8484f0e65aed20d2d6,protocol-fixture,packages/protocol-fixtures/tests/money-receipt-upload-client.test.mjs
apps/mobile/tests/money-receipt-view-fixture.mjs,dec803ea348dc356ea391e2f03bca8753143b8697ad5043c75b6757e8c460c58,protocol-fixture,packages/protocol-fixtures/tests/money-receipt-view-fixture.mjs
apps/mobile/tests/money-receipt-view.test.mjs,6d76062a3253b4496d120bc37cfd76c45b1c184ec508b9618d38eae100ce7a0f,protocol-fixture,packages/protocol-fixtures/tests/money-receipt-view.test.mjs
apps/mobile/tests/money-recurring-approval-display.test.mjs,29f1ec38ab9214b172ed17e2450d9d243f12a2315308a011fbb59c7458fe9790,protocol-fixture,packages/protocol-fixtures/tests/money-recurring-approval-display.test.mjs
apps/mobile/tests/money-recurring-approval-storage.test.mjs,701224b68d25970223b48afc9243207ec2a3c04e195ecef15077292a8aa932b7,protocol-fixture,packages/protocol-fixtures/tests/money-recurring-approval-storage.test.mjs
apps/mobile/tests/money-recurring-confirmation.test.mjs,d0689c065e970f53ee9105660166cbb944b2731175d8a839873c8e6216ae50c6,protocol-fixture,packages/protocol-fixtures/tests/money-recurring-confirmation.test.mjs
apps/mobile/tests/money-recurring-draft.test.mjs,96e5d751045bb7482662f6c10cd3276caa4336cc828f67b1e9e3be1411d4ba2f,protocol-fixture,packages/protocol-fixtures/tests/money-recurring-draft.test.mjs
apps/mobile/tests/money-recurring-read-retry.test.mjs,04c212f2f76082239f36b99045c212a5d503396e610a9134384eec431d7c2ffc,protocol-fixture,packages/protocol-fixtures/tests/money-recurring-read-retry.test.mjs
apps/mobile/tests/money-recurring-read-runtime.test.mjs,0e9725caba99f552a1860a5a0a00be0650355f5dc9b0d88c4f068d11c3225a16,protocol-fixture,packages/protocol-fixtures/tests/money-recurring-read-runtime.test.mjs
apps/mobile/tests/money-recurring-save-fixture.mjs,98b0f450ae5014bf9c762f4058f04cfc192588551d4e6817a7d1cbb960474488,protocol-fixture,packages/protocol-fixtures/tests/money-recurring-save-fixture.mjs
apps/mobile/tests/money-recurring-save-runtime.test.mjs,7c09eb7e86b78d4ac32b43ed901898b0d541c92c197d33e51595f7754794418c,protocol-fixture,packages/protocol-fixtures/tests/money-recurring-save-runtime.test.mjs
apps/mobile/tests/money-recurring-save-storage.test.mjs,f2c0a0d3d45b3587c24c0aedc9eb7f5bff775aab11f2d3707e4c79170b52d9c4,protocol-fixture,packages/protocol-fixtures/tests/money-recurring-save-storage.test.mjs
apps/mobile/tests/money-recurring-state-approval-storage.test.mjs,286323d2cb3e34ff1618958ca22dfd18230ceb3362ad04d05da2879062346470,protocol-fixture,packages/protocol-fixtures/tests/money-recurring-state-approval-storage.test.mjs
apps/mobile/tests/money-recurring-state-save-fixture.mjs,f9df20d4f9def3f4ccb743c57bedb7a180a6a5486d88a5e1e6435de6d1f96ad1,protocol-fixture,packages/protocol-fixtures/tests/money-recurring-state-save-fixture.mjs
apps/mobile/tests/money-recurring-state-save-runtime.test.mjs,a650f4aca537c047573fc1f270f1d79acb91e1a4980358d0fbfd7e53644146fb,protocol-fixture,packages/protocol-fixtures/tests/money-recurring-state-save-runtime.test.mjs
apps/mobile/tests/money-recurring-state-save-storage.test.mjs,77cc1005982aced853a7abc1d8bd650b0a9dcfadeb1d6ee9fa4a76deb2c43339,protocol-fixture,packages/protocol-fixtures/tests/money-recurring-state-save-storage.test.mjs
apps/mobile/tests/money-recurring-state-summary.test.mjs,cb3c81267ea95a5c90b85a21fe3dd74ca9d1a67aea4bbc4854cb6d870344cb4b,protocol-fixture,packages/protocol-fixtures/tests/money-recurring-state-summary.test.mjs
apps/mobile/tests/money-refund-approval-client.test.mjs,3404528e433038b6febfc9c8f643bbd5c7a06d0eab0691115827838f90a9bb19,protocol-fixture,packages/protocol-fixtures/tests/money-refund-approval-client.test.mjs
apps/mobile/tests/money-refund-approval-fixture.mjs,c2dd7a499bdd3ace600f0ab7b9992265a09cf927626842ac1628fa1f033e4890,protocol-fixture,packages/protocol-fixtures/tests/money-refund-approval-fixture.mjs
apps/mobile/tests/money-refund-approval-recovery.test.mjs,d71cfbaac9b19367511f2c0d69a8c8e287fca62c983542c1874eef9a8ffb787d,protocol-fixture,packages/protocol-fixtures/tests/money-refund-approval-recovery.test.mjs
apps/mobile/tests/money-refund-approval-screen.test.mjs,725d03656c636ade2ceb42d825e3c72036198e7c1ec925b33dbb52b8f0b9a6d9,protocol-fixture,packages/protocol-fixtures/tests/money-refund-approval-screen.test.mjs
apps/mobile/tests/money-refund-approval-storage.test.mjs,7561f5427be2a1b7751f44828aecd0fe8b890b292dd220bdb6d0845d5759952a,protocol-fixture,packages/protocol-fixtures/tests/money-refund-approval-storage.test.mjs
apps/mobile/tests/money-refund-client.test.mjs,002cc3e24d7aa611feae6a378a6c5030f4c59922b37078d7ab7c91e508939cdb,protocol-fixture,packages/protocol-fixtures/tests/money-refund-client.test.mjs
apps/mobile/tests/money-refund-draft.test.mjs,d41eeaf9520747b568d5067b4f28ae802dc210fa213848729e217c38e6ceb18b,protocol-fixture,packages/protocol-fixtures/tests/money-refund-draft.test.mjs
apps/mobile/tests/money-refund-leave.test.mjs,37d6ac6c4d0ebf3a3cf9899a0cfc30dd43d11c730d64c5eccc4e48a19b2136e8,protocol-fixture,packages/protocol-fixtures/tests/money-refund-leave.test.mjs
apps/mobile/tests/money-refund-save-fixture.mjs,9be966103537fac3a0e1e1ed724decee291322f51cb882727789178403b14709,protocol-fixture,packages/protocol-fixtures/tests/money-refund-save-fixture.mjs
apps/mobile/tests/money-refund-save-runtime.test.mjs,61c01e12492adc0d1d5397de05a8a601f2591fe2f87e097024193dfcbd53599f,protocol-fixture,packages/protocol-fixtures/tests/money-refund-save-runtime.test.mjs
apps/mobile/tests/money-refund-save-storage.test.mjs,a564e04686fd314bd0b3ad1d90624b2c2aa5b2578e0651ec5ff6248a1ab7b186,protocol-fixture,packages/protocol-fixtures/tests/money-refund-save-storage.test.mjs
apps/mobile/tests/money-runtime.test.mjs,04be2900c6212db10552433566608d5d1b54f527955185e1ff206adaa5bd574e,protocol-fixture,packages/protocol-fixtures/tests/money-runtime.test.mjs
apps/mobile/tests/money-save-fixture.mjs,e233d4b7943acc1d322905a11130a0e79860b1d38feb8cdc3dc7a8c03c90dd18,protocol-fixture,packages/protocol-fixtures/tests/money-save-fixture.mjs
apps/mobile/tests/money-save-runtime.test.mjs,ed9d46aa2267dbc628da7b16dd753173981f6113e6b826f3256368f443219da9,protocol-fixture,packages/protocol-fixtures/tests/money-save-runtime.test.mjs
apps/mobile/tests/money-save-storage.test.mjs,cdc081297dc51998bd4596ca9e57c5cdcefd604a2da76c223b739dec7c841ef1,protocol-fixture,packages/protocol-fixtures/tests/money-save-storage.test.mjs
apps/mobile/tests/money-settlement-approval-client.test.mjs,d6066caea301978a3475abdfe37dcb6952e6556158b12ab8ed3b723a21c1f308,protocol-fixture,packages/protocol-fixtures/tests/money-settlement-approval-client.test.mjs
apps/mobile/tests/money-settlement-approval-fixture.mjs,12a19f65ffe809f2bce8b5be6029092c38c2d3dbdbd5f7aaf419bd684f5fda52,protocol-fixture,packages/protocol-fixtures/tests/money-settlement-approval-fixture.mjs
apps/mobile/tests/money-settlement-approval-recovery.test.mjs,b6e944abc2408bff84e4e4840bd842ae038f8450a689f97a3aad0e6b90c6abc3,protocol-fixture,packages/protocol-fixtures/tests/money-settlement-approval-recovery.test.mjs
apps/mobile/tests/money-settlement-approval-screen.test.mjs,7f889e78033fd33fb377dad5a1fe368fc1ae20cb1a1d317c800a68c8ed8c84cd,protocol-fixture,packages/protocol-fixtures/tests/money-settlement-approval-screen.test.mjs
apps/mobile/tests/money-settlement-approval-storage.test.mjs,91e4ba695c3ecb2333065b56186f5cea0fcb55ec30887b542493cfb72e7c3e54,protocol-fixture,packages/protocol-fixtures/tests/money-settlement-approval-storage.test.mjs
apps/mobile/tests/money-settlement-client.test.mjs,3dd4e1c4ec1533a79495b30c962fb08ae3898037c43aff43fd4d4631cffd067c,protocol-fixture,packages/protocol-fixtures/tests/money-settlement-client.test.mjs
apps/mobile/tests/money-settlement-draft.test.mjs,054ceb30b82f3f5edd5db1a9594475d39d69d9f6d8eb534e3ecdf1bb681b4e8b,protocol-fixture,packages/protocol-fixtures/tests/money-settlement-draft.test.mjs
apps/mobile/tests/money-settlement-leave.test.mjs,aeac34ab59df2c4bf8270806d7d362482599e965f8ac297a66ee93836d7e3a94,protocol-fixture,packages/protocol-fixtures/tests/money-settlement-leave.test.mjs
apps/mobile/tests/money-settlement-save-fixture.mjs,2df3608470a453ce86680c68a98d6722927ac8e2f2e0c2c78c2344f9ddb2bb4b,protocol-fixture,packages/protocol-fixtures/tests/money-settlement-save-fixture.mjs
apps/mobile/tests/money-settlement-save-runtime.test.mjs,bcabdf02c38010be25c24cbc230afe276cb9c07ce179509dd283c85b282c5630,protocol-fixture,packages/protocol-fixtures/tests/money-settlement-save-runtime.test.mjs
apps/mobile/tests/money-settlement-save-storage.test.mjs,aeeb83cf0fde9df1447ab4af7800bb3ba657e5a50be706811d4bc5d040d506ec,protocol-fixture,packages/protocol-fixtures/tests/money-settlement-save-storage.test.mjs
apps/mobile/tests/money-variable-leave.test.mjs,784ee850cd63eadd1883e076aa58671b0da46192b490c6ce6eb9f2b291c6279d,protocol-fixture,packages/protocol-fixtures/tests/money-variable-leave.test.mjs
apps/mobile/tests/money-variable-save-storage.test.mjs,eafd163259f27ec3e04818ba351531d15fa46ea6c020304d18fefad8cfc6f0e4,protocol-fixture,packages/protocol-fixtures/tests/money-variable-save-storage.test.mjs
apps/mobile/tests/notification-client.test.mjs,c14a46983a61c1f44e3eade531c08aaa0439665ac8aa134c750a302dd221c6d2,protocol-fixture,packages/protocol-fixtures/tests/notification-client.test.mjs
apps/mobile/tests/offline-controller-pool.test.mjs,708b643b807603d6bf20a2f230775b2ed33e9fd127b4aa89005b5e477e03d4cc,protocol-fixture,packages/protocol-fixtures/tests/offline-controller-pool.test.mjs
apps/mobile/tests/offline-fixture.mjs,e5ca3e0b8cca0f2a19604a3dbe3fabe4b7d80fc9c108fa6a953a7969e1d7b437,protocol-fixture,packages/protocol-fixtures/tests/offline-fixture.mjs
apps/mobile/tests/offline-money-cache.test.mjs,eaced6648d941381d7d926a6ab9711408e749f31abb8893af4db2efbe5a7d002,protocol-fixture,packages/protocol-fixtures/tests/offline-money-cache.test.mjs
apps/mobile/tests/offline-owner.test.mjs,84d93302d5323d5a54bf433d449b307d7312a569a2dd4ca1ae4de99b38d2cc8b,protocol-fixture,packages/protocol-fixtures/tests/offline-owner.test.mjs
apps/mobile/tests/offline-reconnect.test.mjs,299fffaa90788eef11f33cc246efca1cec48430a2ac566cbe6149e3ed7d4491a,protocol-fixture,packages/protocol-fixtures/tests/offline-reconnect.test.mjs
apps/mobile/tests/offline-retention-fixture.mjs,d98c85122f153446f9a1bbe2b1650799df34a27698bac7968fc659beedd7919e,protocol-fixture,packages/protocol-fixtures/tests/offline-retention-fixture.mjs
apps/mobile/tests/offline-retention-ui.test.mjs,02a69abd4fe4a37cb1f8a955c0a1442b5bf47bcdce6454031281793caae3942f,protocol-fixture,packages/protocol-fixtures/tests/offline-retention-ui.test.mjs
apps/mobile/tests/offline-retention.test.mjs,e2df64cae2b1b2bc51ca59474912a286682b6ea5d9e5262a7599d39e847cf9cd,protocol-fixture,packages/protocol-fixtures/tests/offline-retention.test.mjs
apps/mobile/tests/offline-sync-retry.test.mjs,aaacddf3def5ba95e126887b3567018f86c24a14939c881409f417d52d61b374,protocol-fixture,packages/protocol-fixtures/tests/offline-sync-retry.test.mjs
apps/mobile/tests/offline.test.mjs,b454955e5c719adf47c5b0be349cec862d283b8613cb48a1e9b730682dfa31be,protocol-fixture,packages/protocol-fixtures/tests/offline.test.mjs
apps/mobile/tests/push-cancellation-recovery.test.mjs,3a55cdfaa02df987f7ec5ce40e96808bdfdcd0ac77cce80f485867f82dcbf723,protocol-fixture,packages/protocol-fixtures/tests/push-cancellation-recovery.test.mjs
apps/mobile/tests/push-enrollment-actions.test.mjs,dfdd9966cee94551fcc993ae99667c7ca894468183e612b35a9818f80892a255,protocol-fixture,packages/protocol-fixtures/tests/push-enrollment-actions.test.mjs
apps/mobile/tests/push-enrollment-runtime.test.mjs,0ee9b416aaec7bc6ca491c1b890869b57df0ddb69c5baf3cc2adcd8deb7c0e6e,protocol-fixture,packages/protocol-fixtures/tests/push-enrollment-runtime.test.mjs
apps/mobile/tests/push-installation.test.mjs,453489aee16b9b3da88c9f07c709f6b0ecf6316912133eaa6bb32a35a7436b8d,protocol-fixture,packages/protocol-fixtures/tests/push-installation.test.mjs
apps/mobile/tests/push-logout-cleanup.test.mjs,a109a52af50c0242c47a69d8020bf9a2298835e748ac19baad3d86980f413c2c,protocol-fixture,packages/protocol-fixtures/tests/push-logout-cleanup.test.mjs
apps/mobile/tests/push-logout-reauthentication.test.mjs,5f6569592edfa8069a1d6fe9c57a537c8f58459640b88f67dd767f7b19eab785,protocol-fixture,packages/protocol-fixtures/tests/push-logout-reauthentication.test.mjs
apps/mobile/tests/push-logout-refresh-race.test.mjs,b0bf34aa81e52b5b26f6f436b2de91605db93cd343cf9555cf448ce28b3c1637,protocol-fixture,packages/protocol-fixtures/tests/push-logout-refresh-race.test.mjs
apps/mobile/tests/push-protected-attempt.test.mjs,18c1f239b55b485de119878ebda60309493f933262e9d20646880635b8ade3f5,protocol-fixture,packages/protocol-fixtures/tests/push-protected-attempt.test.mjs
apps/mobile/tests/push-rotation-checkpoint.test.mjs,a363c27768a73a9179decb9c5c2a4e3ef5c0d4c9179eb43754211771ea25cae7,protocol-fixture,packages/protocol-fixtures/tests/push-rotation-checkpoint.test.mjs
apps/mobile/tests/push-rotation-queue.test.mjs,75f8a10e1c1a1fe2bd985036862e87ab3f9b984a71a02b32e14ed3f393e68ff2,protocol-fixture,packages/protocol-fixtures/tests/push-rotation-queue.test.mjs
apps/mobile/tests/push-rotation.test.mjs,9265df3be307c60b340c1a0f3c8316d0d2744fc66676f985fa63debf9de54ce9,protocol-fixture,packages/protocol-fixtures/tests/push-rotation.test.mjs
apps/mobile/tests/recurring-reminder-editor.test.mjs,731169786d323fd00b3a89e4a3f618e5b9c5af92449c7f5ca029084d3cac84a9,protocol-fixture,packages/protocol-fixtures/tests/recurring-reminder-editor.test.mjs
apps/mobile/tests/reminder-form.test.mjs,610ac7daf327b9ee6775eac723133487ecbcdd0ee976a7f670c040c6e54bbed0,protocol-fixture,packages/protocol-fixtures/tests/reminder-form.test.mjs
apps/mobile/tests/renewal-form.test.mjs,179981ae67b58b1c2eb4a2bd5a058bce98acce2cd35ed310b300a29e5cb02967,protocol-fixture,packages/protocol-fixtures/tests/renewal-form.test.mjs
apps/mobile/tests/routine-client.test.mjs,807c9ed2f21502b059bd9fee77fdf6dcc254d26bdf89f3ab5ab0ab6a87ffb3a2,protocol-fixture,packages/protocol-fixtures/tests/routine-client.test.mjs
apps/mobile/tests/routine-draft.test.mjs,530f0cf29df2bb30d7614286143837837715da73482fa2dc4a786533b9439957,protocol-fixture,packages/protocol-fixtures/tests/routine-draft.test.mjs
apps/mobile/tests/routine-edit-draft.test.mjs,33b0e3638bbe936852d7c54f596b1cd81990c8fec04c131f8507db045af836e3,protocol-fixture,packages/protocol-fixtures/tests/routine-edit-draft.test.mjs
apps/mobile/tests/routine-roster.test.mjs,f182c23fefca8d322fea8a80c52b6302c111a6b6227a5629c42bbcfa1781ae59,protocol-fixture,packages/protocol-fixtures/tests/routine-roster.test.mjs
apps/mobile/tests/routine-runtime.test.mjs,082a6b5dfbcddaff118afd6c7627f0303125817d2fe1b64adfd8660278db4152,protocol-fixture,packages/protocol-fixtures/tests/routine-runtime.test.mjs
apps/mobile/tests/routine-state.test.mjs,0164946be31ba840ea4a2faff2af6221777bfc483106d357facb27e01b9d4633,protocol-fixture,packages/protocol-fixtures/tests/routine-state.test.mjs
apps/mobile/tests/session-cold-queue.test.mjs,4bc159464797f952fcc645321b18c530ab35871e73289ffd91fdd2fcfd2c847a,protocol-fixture,packages/protocol-fixtures/tests/session-cold-queue.test.mjs
apps/mobile/tests/session-cold-sdk.test.mjs,abd203bbaa07650f01962b9153fa987369966e870de7e9755d802e4dd5d6026b,protocol-fixture,packages/protocol-fixtures/tests/session-cold-sdk.test.mjs
apps/mobile/tests/session-protected.test.mjs,d7b3580dd231198a3727c6d9ea7deb6ed97fe2035bd5f0e2fdba581306008b28,protocol-fixture,packages/protocol-fixtures/tests/session-protected.test.mjs
apps/mobile/tests/session-sdk-fixture.mjs,c9b288465da5635d2cbc2d7a006e8465812d3d8d50547c997f39498e0112b595,protocol-fixture,packages/protocol-fixtures/tests/session-sdk-fixture.mjs
apps/mobile/tests/session-sdk.test.mjs,2e0fcf63fc938bac317898c2f305b88dccb421cf8a81f7b5a899e4e91d86f733,protocol-fixture,packages/protocol-fixtures/tests/session-sdk.test.mjs
apps/mobile/tests/session.test.mjs,bb4d443efd707f9abc2302304eb2c3282541c54021b630d95e8d9dda17507a87,protocol-fixture,packages/protocol-fixtures/tests/session.test.mjs
apps/mobile/tests/setup-client.test.mjs,afb75bc2e867f5567b136091880aea03bcf6f812c3e596effdd01e22af478931,protocol-fixture,packages/protocol-fixtures/tests/setup-client.test.mjs
apps/mobile/tests/sign-out-preflight.test.mjs,f6d78874e041cf5602bfb5b4f88e271de9725f6c80c31d0964a70637bb793050,protocol-fixture,packages/protocol-fixtures/tests/sign-out-preflight.test.mjs
apps/mobile/tsconfig.json,1c81f86490737f077ddad67f9de7e3f9a09c09d7e3350b40d1b0762edd67827b,removed,
